Malkapur |{20.52 76.12||20.535997 76.112408}|
Aguachica |{8.3125 73.62694444444445||8.316666666666666 -73.63333333333334}|
Codazzi |{10.033333333333333 -73.23333333333333||10.033333333333333 -74.23333333333333}|
|{Satana||सटाणा}| |{20.5797 74.216||20.593611111111112 74.2}|
|{Shahpur||शाहपुर}| |{25.58 84.45||25.6 84.4}|
|{Xingcheng||兴城||兴城市}| |{40.4975 120.8013888888889||40.61666666666667 120.73333333333333}|
Chuy |{-33.68333333333333 -53.45||-33.75096944444444 -53.39469444444445}|
|{Kurdish: Xurmatû||Turkish: Tuz hurma||Tuz Khormato}| |{34.87722222222222 44.638333333333335||34.88333333333333 44.63333333333333}|
|Villa de Álvarez| |{19.25 -103.73333333333333||19.267222222222223 -103.73777777777778}|
|{Edo||江戸}| NULL
|Long Island City| NULL
宇土市 NULL
|{Alakanuk||Alarneq}| |62.68472222222222 -164.64527777777778|
|City of Emeryville| |37.83138888888889 -122.28527777777778|
|City of Lake Elsinore| |33.68138888888889 -117.34527777777778|
|Arcadia Florida| NULL
|Yerington Nevada| |38.985277777777775 -119.16527777777777|
|City of Las Cruces| |32.319722222222225 -106.76527777777778|
|Willow City North Dakota| |48.604166666666664 -100.29472222222222|
|Rhame North Dakota| |46.23416666666667 -103.65472222222222|
|Drain Oregon| |43.66166666666667 -123.31472222222222|
|Paisley Oregon| |42.693333333333335 -120.54527777777778|
|Newport Oregon| |44.60444444444445 -124.05472222222222|
|Echo Oregon| |45.74111111111111 -119.19472222222223|
|Grantsville Utah| |40.59583333333333 -112.46527777777777|
|Leavenworth Washington| |47.59638888888889 -120.66527777777777|
|Ocean Shores Washington| |46.971666666666664 -124.15472222222222|
|Amarillo Texas| |35.19916666666666 -101.84527777777778|
御坊市 NULL
NULL NULL
栃木市 NULL
Tecomán |18.90888888888889 -103.87472222222222|
|Waterbury Connecticut| NULL
|Onalaska Wisconsin| NULL
NULL NULL
NULL NULL
NULL NULL
NULL NULL
NULL NULL
NULL NULL
NULL NULL
NULL NULL
NULL NULL
NULL NULL
|{City of San Jose del Monte||Lungsod ng San Jose del Monte}| |14.813888888888888 121.04527777777778|
北広島 NULL
|{City of Eniwa Eniwa-shi||恵庭市}| NULL
石狩 NULL
夕張 NULL
美唄 NULL
赤平 NULL
芦別 NULL
岩見沢 NULL
砂川 NULL
滝川 NULL
歌志内 NULL
士別 NULL
深川 NULL
名寄 NULL
|{旭川||旭川市}| NULL
紋別 NULL
網走 NULL
北見 NULL
室蘭 NULL
登別 NULL
伊達 NULL
苫小牧 NULL
帯広 NULL
釧路 NULL
根室 NULL
宮古市 NULL
|{盛岡||盛岡市 · Morioka City}| NULL
大船渡市 NULL
花巻市 NULL
久慈市 NULL
北上市 NULL
遠野市 NULL
一関市 NULL
陸前高田市 NULL
二戸市 NULL
塩竈市 NULL
石巻市 NULL
名取市 NULL
角田市 NULL
多賀城市 NULL
|{岩沼||岩沼市 · Iwanuma City}| NULL
能代市 NULL
白石市 NULL
横手市 NULL
大館市 NULL
湯沢市 NULL
男鹿市 NULL
鹿角市 NULL
米沢市 NULL
鶴岡市 NULL
寒河江市 NULL
酒田市 NULL
上山市 NULL
|{山形||山形市 · Yamagata City}| NULL
新庄市 NULL
長井市 NULL
村山市 NULL
天童市 NULL
東根市 NULL
尾花沢市 NULL
南陽市 NULL
須賀川市 NULL
喜多方市 NULL
二本松市 NULL
|{相馬||相馬市 · Sōma City}| NULL
結城市 NULL
白河市 NULL
龍ヶ崎市 NULL
下妻市 NULL
常総市 NULL
常陸太田市 NULL
高萩市 NULL
北茨城市 NULL
笠間市 NULL
牛久市 NULL
ひたちなか市 NULL
取手市 NULL
守谷市 NULL
佐野市 NULL
鹿沼市 NULL
|{宇都宮||宇都宮市 · Utsunomiya}| NULL
真岡市 NULL
矢板市 NULL
日光市 NULL
|{大田||大田区 · Ōta City}| NULL
|{川越||川越市 · Kawagoe}| NULL
川口市 NULL
|{所沢||所沢市 · Tokorozawa}| NULL
秩父市 NULL
東松山 NULL
|{本庄||本庄市 · Honjō}| NULL
|{春日部||春日部市 · Kasukabe}| NULL
狭山市 NULL
鴻巣市 NULL
深谷市 NULL
上尾市 NULL
|{越谷||越谷市 · Koshigaya}| NULL
|{草加||草加市 · Sōka}| NULL
蕨市 NULL
入間市 NULL
朝霞市 NULL
新座市 NULL
富士見市 NULL
三郷市 NULL
坂戸市 NULL
幸手市 NULL
|{吉川市||吉川市 · Yoshikawa}| NULL
成田市 NULL
新発田市 NULL
小千谷市 NULL
三条市 NULL
柏崎市 NULL
十日町市 NULL
村上市 NULL
燕市 NULL
妙高市 NULL
糸魚川市 NULL
五泉市 NULL
小矢部市 NULL
黒部市 NULL
砺波市 NULL
滑川市 NULL
氷見市 NULL
小松市 NULL
羽咋市 NULL
珠洲市 NULL
小浜市 NULL
輪島市 NULL
鯖江市 NULL
敦賀市 NULL
|{甲府||甲府市}| NULL
岡谷市 NULL
駒ヶ根市 NULL
諏訪市 NULL
飯田市 NULL
|{中野||中野区 · Nakano City}| NULL
大町市 NULL
飯山市 NULL
茅野市 NULL
佐久市 NULL
千曲市 NULL
大垣市 NULL
関市 NULL
中津川市 NULL
多治見市 NULL
瑞浪市 NULL
高山市 NULL
可児市 NULL
各務原市 NULL
|{一宮||一宮市 · Ichinomiya}| NULL
|{豊田||豊田市 · Toyota City}| NULL
|{四日市市||四日市市 · Yokkaichi}| NULL
桑名市 NULL
彦根市 NULL
長浜市 NULL
草津市 NULL
栗東市 NULL
守山市 NULL
福知山市 NULL
舞鶴市 NULL
綾部市 NULL
亀岡市 NULL
向日 NULL
長岡京市 NULL
|{八幡||八幡市 · Yawata}| NULL
京田辺市 NULL
宮津 NULL
|{岸和田||岸和田市 · Kishiwada}| NULL
|{豊中||豊中市 · Toyonaka}| NULL
池田市 NULL
|{吹田||吹田市 · Suita}| NULL
泉大津市 NULL
|{高槻||高槻市 · Takatsuki}| NULL
|{枚方||枚方市 · Hirakata}| NULL
|{茨木||茨木市 · Ibaraki}| NULL
富田林市 NULL
泉佐野市 NULL
|{寝屋川||寝屋川市 · Neyagawa}| NULL
河内長野市 NULL
松原市 NULL
大東市 NULL
箕面市 NULL
柏原市 NULL
羽曳野市 NULL
門真市 NULL
高石市 NULL
摂津市 NULL
泉南市 NULL
|{東大阪||東大阪市 · Higashiōsaka}| NULL
四条畷市 NULL
大阪狭山市 NULL
|{尼崎||尼崎市 · Amagasaki}| NULL
|{明石||明石市}| NULL
|{西宮||西宮市 · Nishinomiya}| NULL
|{姫路||姫路市 · Himeji}| NULL
伊丹市 NULL
相生 NULL
洲本市 NULL
|{加古川||加古川市 · Kakogawa}| NULL
たつの市 NULL
西脇市 NULL
赤穂市 NULL
|{宝塚||宝塚市 · Takarazuka}| NULL
三木市 NULL
高砂市 NULL
豊岡市 NULL
三田市 NULL
川西市 NULL
加西市 NULL
篠山市 NULL
大和郡山市 NULL
橿原市 NULL
天理市 NULL
生駒市 NULL
有田市 NULL
海南市 NULL
橋本市 NULL
田辺市 NULL
新宮市 NULL
倉吉市 NULL
境港市 NULL
益田市 NULL
江津市 NULL
大田市 NULL
笠岡市 NULL
玉野市 NULL
井原市 NULL
総社市 NULL
浜田市 NULL
高梁市 NULL
津山市 NULL
備前市 NULL
新見市 NULL
竹原市 NULL
三原市 NULL
呉市 NULL
尾道市 NULL
三次市 NULL
東広島市 NULL
大竹市 NULL
廿日市市 NULL
|{長門||長門市}| NULL
|{柳井||柳井市}| NULL
萩市 NULL
小松島市 NULL
阿南市 NULL
丸亀市 NULL
坂出市 NULL
善通寺市 NULL
|{City of Grande Prairie||Grande Prairie}| |55.170833333333334 -118.79472222222222|
東かがわ市 NULL
さぬき市 NULL
|{観音寺||観音寺市・Kan'onji City}| NULL
宇和島市 NULL
西条市 NULL
室戸市 NULL
|{高知||高知市 · Kōchi City}| NULL
安芸市 NULL
土佐市 NULL
南国市 NULL
宿毛市 NULL
須崎市 NULL
土佐清水市 NULL
直方市 NULL
田川市 NULL
飯塚市 NULL
柳川市 NULL
筑後市 NULL
八女市 NULL
大川市 NULL
豊前市 NULL
行橋市 NULL
小郡市 NULL
春日市 NULL
大野城市 NULL
筑紫野市 NULL
宗像市 NULL
太宰府市 NULL
古河市 NULL
古賀市 NULL
唐津市 NULL
鳥栖市 NULL
鹿嶋市 NULL
鹿島市 NULL
島原市 NULL
諫早市 NULL
平戸市 NULL
荒尾市 NULL
人吉市 NULL
水俣市 NULL
玉名市 NULL
山鹿市 NULL
菊池市 NULL
別府市 NULL
中津市 NULL
佐伯市 NULL
臼杵市 NULL
津久見市 NULL
竹田市 NULL
豊後高田市 NULL
杵築市 NULL
日田市 NULL
小林市 NULL
串間市 NULL
日向市 NULL
えびの市 NULL
薩摩川内市 NULL
鹿屋市 NULL
枕崎市 NULL
|{仙台||仙台市 · Sendai City}| NULL
阿久根市 NULL
和泉市 NULL
出水市 NULL
垂水市 NULL
西之表市 NULL
|{Jinoon||宜野湾市}| NULL
|{Urashii||浦添市}| NULL
|{Ichuman||糸満市}| NULL
|{Tumigushiku||豊見城市}| NULL
武蔵野市 NULL
八王子市 NULL
三鷹市 NULL
|{Nago||名護市}| NULL
青梅市 NULL
広島県府中市 NULL
町田市 NULL
小平市 NULL
小金井市 NULL
国分寺市 NULL
国立市 NULL
狛江市 NULL
清瀬市 NULL
武蔵村山市 NULL
多摩市 NULL
稲城市 NULL
西東京市 NULL
小野市 NULL
大野市 NULL
出雲市 NULL
|{千代田||千代田区 · Chiyoda City}| NULL
|{墨田||墨田区 · Sumida City}| NULL
|{文京||文京区 · Bunkyō City}| NULL
|{目黒||目黒区 · Meguro City}| NULL
|{品川||品川区 · Shinagawa City}| NULL
|{太田||太田市 · Ōta}| NULL
|{世田谷||世田谷区 · City of Setagaya}| NULL
|{江東||江東区 · Kōtō City}| NULL
|{杉並||杉並区 · Suginami City}| NULL
|{豊島||豊島区 · Toshima City}| NULL
|{板橋||板橋区 · Itabashi City}| NULL
|{荒川||荒川区 · Arakawa City}| NULL
|{練馬||練馬区 · Nerima City}| NULL
|{葛飾||葛飾区 · Katsushika City}| NULL
|{江戸川||江戸川区 · Edogawa City}| NULL
|{足立||足立区 · Adachi City}| NULL
中野市 NULL
|{中央||中央区 · Chūō City}| NULL
|{北||北区 · City of Kita}| NULL
|{港||港区 · Minato City}| NULL
知名町 NULL
|{Kunzan||国頭村}| NULL
|{Ujimi||大宜味村}| NULL
|{Agarijima||東村}| NULL
|{Nachijin||今帰仁村}| NULL
本部町 NULL
|{Unna||恩納村}| NULL
|{Jinuza||宜野座村}| NULL
金武町 NULL
|{Iijima||伊江村}| NULL
|{Yuntan||読谷村}| NULL
北谷町 NULL
北中城村 NULL
中城村 NULL
西原町 NULL
南風原町 NULL
与那原町 NULL
渡嘉敷村 NULL
座間味村 NULL
北大東村 NULL
|{Ihyaa||伊平屋村}| NULL
伊是名村 NULL
多良間村 NULL
久米島町 NULL
竹富町 NULL
与那国町 NULL
三島村 NULL
十島村 NULL
さつま町 NULL
長島町 NULL
姶良市 NULL
霧島市 NULL
大崎町 NULL
東串良町 NULL
中種子町 NULL
南種子町 NULL
大和村 NULL
宇検村 NULL
龍郷町 NULL
瀬戸内町 NULL
天城町 NULL
伊仙町 NULL
和泊町 NULL
与論町 NULL
高原町 NULL
綾町 NULL
国富町 NULL
新富町 NULL
西米良村 NULL
木城町 NULL
川南町 NULL
都農町 NULL
門川町 NULL
高鍋町 NULL
諸塚村 NULL
椎葉村 NULL
日之影町 NULL
高千穂町 NULL
五ヶ瀬町 NULL
姫島村 NULL
日出町 NULL
玖珠町 NULL
九重町 NULL
指宿市 NULL
朝日町 NULL
|{堺||堺市 · Sakai City}| NULL
玉東町 NULL
南関町 NULL
長洲町 NULL
大津町 NULL
菊陽町 NULL
合志市 NULL
南小国町 NULL
阿蘇市 NULL
小国町 NULL
産山村 NULL
高森町 NULL
西原村 NULL
御船町 NULL
嘉島町 NULL
益城町 NULL
甲佐町 NULL
芦北町 NULL
津奈木町 NULL
多良木町 NULL
錦町 NULL
湯前町 NULL
水上村 NULL
五木村 NULL
相良村 NULL
山江村 NULL
あさぎり町 NULL
球磨村 NULL
苓北町 NULL
|{安来||安来市 · Yasugi}| NULL
那珂川町 NULL
志免町 NULL
宇美町 NULL
篠栗町 NULL
須恵町 NULL
久山町 NULL
新宮町 NULL
粕屋町 NULL
芦屋町 NULL
岡垣町 NULL
遠賀町 NULL
小竹町 NULL
鞍手町 NULL
桂川町 NULL
うきは市 NULL
大木町 NULL
広川町 NULL
香春町 NULL
添田町 NULL
糸田町 NULL
川崎町 NULL
大任町 NULL
赤村 NULL
苅田町 NULL
吉富町 NULL
東洋町 NULL
奈半利町 NULL
安田町 NULL
田野町 NULL
北川村 NULL
芸西村 NULL
馬路村 NULL
土佐町 NULL
大川村 NULL
いの町 NULL
佐川町 NULL
中土佐町 NULL
越知町 NULL
日高村 NULL
梼原町 NULL
大月町 NULL
三原村 NULL
土庄町 NULL
三木町 NULL
直島町 NULL
宇多津町 NULL
まんのう町 NULL
琴平町 NULL
多度津町 NULL
壱岐市 NULL
対馬市 NULL
勝浦町 NULL
上勝町 NULL
佐那河内村 NULL
石井町 NULL
神山町 NULL
牟岐町 NULL
北島町 NULL
藍住町 NULL
松茂町 NULL
上板町 NULL
板野町 NULL
和木町 NULL
上関町 NULL
田布施町 NULL
平生町 NULL
|{Hōhoku-chō||豊北町}| NULL
阿武町 NULL
府中町 NULL
海田町 NULL
熊野町 NULL
坂町 NULL
江田島市 NULL
大崎上島町 NULL
世羅町 NULL
佐渡市 NULL
飛騨市 NULL
伊那市 NULL
右京区 NULL
和気町 NULL
里庄町 NULL
矢掛町 NULL
新庄村 NULL
鏡野町 NULL
勝央町 NULL
奈義町 NULL
西粟倉村 NULL
美作市 NULL
久米南町 NULL
|São João Nepomuceno| |{-21.533333333333335 -43.0||-21.54 -43.01083333333333}|
Athus |{49.56333333333333 5.837777777777777||49.56333333333333 5.833333333333333}|
|City of Castle Pines Colorado| |{39.471666666666664 -104.89472222222223||39.471742 -104.894827}|
Cricova |{47.130845 28.857864||47.13333333333333 28.85}|
|Kot Radha Kishan| |{31.1 74.5||31.1725 74.09972222222223}|
Mazamitla |{19.916666666666668 -103.03333333333333||19.916666666666668 -103.36666666666666}|
|Westover Alabama| |{33.349444444444444 -86.53583333333333||33.349444444444444 -86.54694444444445}|
|{Cherla||చర్ల}| |{18.0833 80.8167||18.4 80.49}|
Chimrawas |{24.936 71.488||24.94 71.48}|
|Gillette Wyoming| |44.28277777777778 -105.50527777777778|
|Sanford Maine| |{43.43388888888889 -70.76416666666667||43.43972222222222 -70.77305555555556}|
Ifangni |{6.666666666666667 2.716666666666667||6.666666666666667 2.6666666666666665}|
Puna |{21.03 72.89||21.08 72.88}|
Kilmany |{-38.1 146.9||38.1 146.88333333333333}|
Ternate |{0.6833333333333333 127.4||0.7833333333333333 127.36666666666666}|
かほく市 NULL
九戸村 NULL
川本町 NULL
津和野町 NULL
西ノ島町 NULL
海士町 NULL
智頭町 NULL
若桜町 NULL
三朝町 NULL
南部町 NULL
大山町 NULL
岩出市 NULL
かつらぎ町 NULL
九度山町 NULL
湯浅町 NULL
高野町 NULL
広川町 NULL
日高町 NULL
美浜町 NULL
由良町 NULL
印南町 NULL
白浜町 NULL
上富田町 NULL
すさみ町 NULL
那智勝浦町 NULL
太地町 NULL
古座川町 NULL
北山村 NULL
平群町 NULL
三宅町 NULL
川西町 NULL
田原本町 NULL
御杖村 NULL
明日香村 NULL
河合町 NULL
広陵町 NULL
上牧町 NULL
王寺町 NULL
大淀町 NULL
下市町 NULL
黒滝村 NULL
野迫川村 NULL
下北山村 NULL
十津川村 NULL
川上村 NULL
上北山村 NULL
猪名川町 NULL
稲美町 NULL
播磨町 NULL
市川町 NULL
福崎町 NULL
太子町 NULL
上郡町 NULL
佐用町 NULL
淡路市 NULL
島本町 NULL
忠岡町 NULL
熊取町 NULL
田尻町 NULL
岬町 NULL
河南町 NULL
太子町 NULL
千早赤阪村 NULL
大山崎町 NULL
井手町 NULL
宇治田原町 NULL
笠置町 NULL
和束町 NULL
南山城村 NULL
精華町 NULL
伊根町 NULL
野洲市 NULL
湖南市 NULL
甲賀市 NULL
日野町 NULL
豊郷町 NULL
甲良町 NULL
多賀町 NULL
高島市 NULL
豊山町 NULL
飛島村 NULL
岐南町 NULL
笠松町 NULL
海津市 NULL
養老町 NULL
関ケ原町 NULL
垂井町 NULL
神戸町 NULL
安八町 NULL
揖斐川町 NULL
大野町 NULL
池田町 NULL
北方町 NULL
坂祝町 NULL
富加町 NULL
川辺町 NULL
八百津町 NULL
七宗町 NULL
白川町 NULL
東白川村 NULL
御嵩町 NULL
|{八尾||八尾市 · Yao}| NULL
小海町 NULL
川上村 NULL
立科町 NULL
軽井沢町 NULL
青木村 NULL
富士見町 NULL
辰野町 NULL
箕輪町 NULL
飯島町 NULL
南箕輪村 NULL
中川村 NULL
宮田村 NULL
松川町 NULL
高森町 NULL
阿南町 NULL
阿智村 NULL
平谷村 NULL
根羽村 NULL
下條村 NULL
売木村 NULL
天龍村 NULL
泰阜村 NULL
喬木村 NULL
豊丘村 NULL
上松町 NULL
南木曽町 NULL
木祖村 NULL
王滝村 NULL
大桑村 NULL
麻績村 NULL
生坂村 NULL
山形村 NULL
朝日村 NULL
池田町 NULL
小谷村 NULL
坂城町 NULL
小布施町 NULL
高山村 NULL
白馬村 NULL
山ノ内町 NULL
木島平村 NULL
野沢温泉村 NULL
小川村 NULL
栄村 NULL
上天草市 NULL
|Vila Nova de Gaia| NULL
白川村 NULL
伏見区 NULL
湯沢町 NULL
四国中央市 NULL
潮来市 NULL
永平寺町 NULL
坂井市 NULL
池田町 NULL
越前町 NULL
美浜町 NULL
高浜町 NULL
おおい町 NULL
川北町 NULL
野々市市 NULL
津幡町 NULL
志賀町 NULL
上市町 NULL
立山町 NULL
舟橋村 NULL
朝日町 NULL
入善町 NULL
弥彦村 NULL
田上町 NULL
出雲崎町 NULL
津南町 NULL
関川村 NULL
粟島浦村 NULL
聖籠町 NULL
|{Isumi||いすみ市}| |35.25388888888889 140.3852777777778|
伊奈町 NULL
毛呂山町 NULL
滑川町 NULL
小川町 NULL
嵐山町 NULL
川島町 NULL
吉見町 NULL
鳩山町 NULL
横瀬町 NULL
皆野町 NULL
長瀞町 NULL
小鹿野町 NULL
東秩父村 NULL
寄居町 NULL
宮代町 NULL
白岡市 NULL
杉戸町 NULL
松伏町 NULL
三芳町 NULL
南牧村 NULL
中之条町 NULL
千代田町 NULL
茂木町 NULL
市貝町 NULL
芳賀町 NULL
壬生町 NULL
野木町 NULL
岩舟町 NULL
塩谷町 NULL
高根沢町 NULL
上三川町 NULL
茨城町 NULL
大洗町 NULL
東海村 NULL
那珂市 NULL
常陸大宮市 NULL
大子町 NULL
神栖市 NULL
鉾田市 NULL
美浦村 NULL
阿見町 NULL
桜川市 NULL
河内町 NULL
かすみがうら市 NULL
八千代町 NULL
五霞町 NULL
境町 NULL
利根町 NULL
桑折町 NULL
伊達市 NULL
国見町 NULL
川俣町 NULL
鏡石町 NULL
天栄村 NULL
下郷町 NULL
檜枝岐村 NULL
只見町 NULL
北塩原村 NULL
西会津町 NULL
磐梯町 NULL
猪苗代町 NULL
会津坂下町 NULL
湯川村 NULL
柳津町 NULL
三島町 NULL
金山町 NULL
昭和村 NULL
西郷村 NULL
中島村 NULL
矢吹町 NULL
泉崎村 NULL
棚倉町 NULL
矢祭町 NULL
塙町 NULL
鮫川村 NULL
石川町 NULL
玉川村 NULL
平田村 NULL
浅川町 NULL
古殿町 NULL
三春町 NULL
小野町 NULL
広野町 NULL
楢葉町 NULL
富岡町 NULL
大熊町 NULL
双葉町 NULL
浪江町 NULL
葛尾村 NULL
新地町 NULL
飯舘村 NULL
山辺町 NULL
中山町 NULL
西川町 NULL
大江町 NULL
大石田町 NULL
舟形町 NULL
最上町 NULL
金山町 NULL
大蔵村 NULL
真室川町 NULL
鮭川村 NULL
戸沢村 NULL
高畠町 NULL
川西町 NULL
白鷹町 NULL
小国町 NULL
三川町 NULL
遊佐町 NULL
越生町 NULL
小坂町 NULL
上小阿仁村 NULL
藤里町 NULL
五城目町 NULL
井川町 NULL
大潟村 NULL
にかほ市 NULL
仙北市 NULL
東成瀬村 NULL
七ヶ宿町 NULL
大河原町 NULL
村田町 NULL
柴田町 NULL
川崎町 NULL
丸森町 NULL
亘理町 NULL
山元町 NULL
松島町 NULL
七ヶ浜町 NULL
利府町 NULL
大和町 NULL
大郷町 NULL
富谷町 NULL
色麻町 NULL
加美町 NULL
大衡村 NULL
涌谷町 NULL
栗原市 NULL
登米市 NULL
女川町 NULL
葛巻町 NULL
雫石町 NULL
岩手町 NULL
滝沢村 NULL
紫波町 NULL
矢巾町 NULL
金ケ崎町 NULL
平泉町 NULL
住田町 NULL
大槌町 NULL
岩泉町 NULL
山田町 NULL
田野畑村 NULL
普代村 NULL
軽米町 NULL
野田村 NULL
一戸町 NULL
長与町 NULL
時津町 NULL
川棚町 NULL
波佐見町 NULL
東彼杵町 NULL
小値賀町 NULL
佐々町 NULL
NULL NULL
|{Gwangdongmyeong||광명}| NULL
留萌 NULL
京丹後市 NULL
Charny NULL
瑞穂町 NULL
瀬戸内市 NULL
阿賀野市 NULL
魚沼市 NULL
洋野町 NULL
五島市 NULL
西区 NULL
七尾市 NULL
南砺市 NULL
当別町 NULL
新篠津村 NULL
長万部町 NULL
上ノ国町 NULL
乙部町 NULL
奥尻町 NULL
江差町 NULL
せたな町 NULL
島牧村 NULL
黒松内町 NULL
蘭越町 NULL
真狩村 NULL
留寿都村 NULL
ニセコ町 NULL
寿都町 NULL
喜茂別町 NULL
共和町 NULL
岩内町 NULL
倶知安町 NULL
泊村 NULL
神恵内村 NULL
古平町 NULL
余市町 NULL
赤井川村 NULL
南幌町 NULL
奈井江町 NULL
上砂川町 NULL
長沼町 NULL
栗山町 NULL
由仁町 NULL
月形町 NULL
浦臼町 NULL
新十津川町 NULL
妹背牛町 NULL
秩父別町 NULL
北竜町 NULL
雨竜町 NULL
沼田町 NULL
幌加内町 NULL
鷹栖町 NULL
東神楽町 NULL
当麻町 NULL
愛別町 NULL
比布町 NULL
上川町 NULL
東川町 NULL
上富良野町 NULL
中富良野町 NULL
南富良野町 NULL
和寒町 NULL
剣淵町 NULL
下川町 NULL
占冠村 NULL
音威子府村 NULL
美深町 NULL
中川町 NULL
増毛町 NULL
小平町 NULL
苫前町 NULL
初山別村 NULL
遠別町 NULL
天塩町 NULL
羽幌町 NULL
幌延町 NULL
猿払村 NULL
浜頓別町 NULL
中頓別町 NULL
豊富町 NULL
礼文町 NULL
利尻町 NULL
利尻富士町 NULL
清里町 NULL
斜里町 NULL
小清水町 NULL
訓子府町 NULL
置戸町 NULL
佐呂間町 NULL
遠軽町 NULL
湧別町 NULL
興部町 NULL
西興部村 NULL
滝上町 NULL
雄武町 NULL
豊浦町 NULL
壮瞥町 NULL
むかわ町 NULL
厚真町 NULL
日高町 NULL
平取町 NULL
浦河町 NULL
様似町 NULL
えりも町 NULL
音更町 NULL
上士幌町 NULL
鹿追町 NULL
新得町 NULL
清水町 NULL
芽室町 NULL
中札内村 NULL
更別村 NULL
大樹町 NULL
幕別町 NULL
池田町 NULL
本別町 NULL
豊頃町 NULL
足寄町 NULL
浦幌町 NULL
広尾町 NULL
陸別町 NULL
士幌町 NULL
中村区 NULL
三宅村 NULL
NULL NULL
米原市 NULL
東近江市 NULL
あわら市 NULL
南越前町 NULL
奥多摩町 NULL
美郷町 NULL
福津市 NULL
田村市 NULL
Nanded-Waghala NULL
NULL NULL
安芸高田市 NULL
吉野川市 NULL
神石高原町 NULL
枝幸町 NULL
安芸太田町 NULL
北広島町 NULL
大仙市 NULL
阿賀町 NULL
厚岸町 NULL
浜中町 NULL
標茶町 NULL
弟子屈町 NULL
鶴居村 NULL
白糠町 NULL
別海町 NULL
中標津町 NULL
標津町 NULL
羅臼町 NULL
東松島市 NULL
Blissville NULL
香美町 NULL
貝塚市 NULL
宍粟市 NULL
南あわじ市 NULL
丹波市 NULL
稲敷市 NULL
|{City of Vice||Vice City}| NULL
城里町 NULL
筑西市 NULL
坂東市 NULL
宝達志水町 NULL
|{Fabryczna borough||Fabryczna dzielnica||Industrial borough}| NULL
筑前町 NULL
庄内町 NULL
北秋田市 NULL
由利本荘市 NULL
新上五島町 NULL
うるま市 NULL
白山市 NULL
中能登町 NULL
能美市 NULL
中川区 NULL
東串良町 NULL
南大隅町 NULL
錦江町 NULL
|{City of East Jakarta||Kota Administrasi Jakarta Timur}| NULL
|{City of West Jakarta||Kota Administrasi Jakarta Barat}| NULL
|{City of North Jakarta||Kota Administrasi Jakarta Utara}| NULL
|{City of Central Jakarta||Kota Administrasi Jakarta Pusat}| NULL
|{City of South Jakarta||Kota Administrasi Jakarta Selatan}| NULL
那須塩原市 NULL
Kendari |-3.967488888888889 122.5947|
NULL |22.784444444444446 115.36527777777778|
Shivdaspur NULL
さくら市 NULL
八幡平市 NULL
西和賀町 NULL
NULL NULL
湧水町 NULL
|{日置市||日置市 · Hioki City}| NULL
潟上市 NULL
南さつま市 NULL
いちき串木野市 NULL
若狭町 NULL
曽於市 NULL
ふじみ野市 NULL
長和町 NULL
安曇野市 NULL
山陽小野田市 NULL
胎内市 NULL
神河町 NULL
新温泉町 NULL
多可町 NULL
豊後大野市 NULL
由布市 NULL
宇城市 NULL
ときがわ町 NULL
|{Mascara||معسكر}| NULL
北斗 NULL
奥州市 NULL
大島町 NULL
利島村 NULL
紀の川市 NULL
|徳島県三好市 · Miyoshi City of Tokushima| NULL
|Haveli Lakha| NULL
三種町 NULL
嘉麻市 NULL
八峰町 NULL
射水市 NULL
三豊市 NULL
綾川町 NULL
|{Yalta municipality||Ялтинська міськрада}| NULL
Auburndale NULL
東吾妻町 NULL
小豆島町 NULL
奄美市 NULL
|{Nanjoo||南城市}| NULL
|{Myaaku||Naaku||宮古島市}| NULL
大崎市 NULL
仁淀川町 NULL
南会津町 NULL
四万十市 NULL
四万十町 NULL
日の出町 NULL
黒潮町 NULL
檜原村 NULL
上田市 NULL
つくばみらい市 NULL
行方市 NULL
小美玉市 NULL
|{Distrito sang Manduryaw||Mandurriao District}| NULL
津野町 NULL
香美市 NULL
香南市 NULL
|{Podil Raion||Подільський район}| NULL
下野市 NULL
上毛町 NULL
|{Ordzhonikidze||Орджонікідзе}| NULL
南丹市 NULL
Kakgaina NULL
|Miranpur Katra| NULL
|Khatauli Rural| NULL
|{Khekada||खेकडा}| NULL
Kunjaban NULL
Mohiuddinpur |29.985048 77.643535|
|Mukrampur Khema| NULL
|Mundera Bazar| NULL
Mundia NULL
|Oel Dhakwa| NULL
Perumagalur NULL
Rehambal |32.925018 75.061241|
Saunkh NULL
|Singahi Bhiraura| NULL
|Sukhmalpur Nizamabad| NULL
|Tatarpur Lallu| NULL
|Tetri Bazar| NULL
Thirunageswaram NULL
南阿蘇村 NULL
那須烏山市 NULL
|El Ain| NULL
Vidyavihar NULL
国東市 NULL
つるぎ町 NULL
木曽町 NULL
美里町 NULL
京丹波町 NULL
|{Richmond County||Staten Island}| NULL
山都町 NULL
千歳 NULL
|{つくば||つくば市}| NULL
|{さいたま||さいたま市 · Saitama City}| NULL
|{富山||富山市 · Toyama City}| NULL
|{千葉||千葉市 · Chiba City}| NULL
|{大津||大津市 · Ōtsu City}| NULL
|{奈良||奈良市 · Nara City}| NULL
|{和歌山||和歌山市 · Wakayama City}| NULL
|{岐阜||岐阜市 · Gifu City}| NULL
|{前橋||前橋市 · Maebashi City}| NULL
|{札幌||札幌市 · City of Sapporo}| NULL
|{岡山||岡山市 · Okayama City}| NULL
|{静岡||静岡市 · City of Shizuoka}| NULL
|{長野||長野市 · Nagano City}| NULL
|{金沢||金沢市 · Kanazawa}| NULL
|{豊橋||豊橋市 · Toyohashi}| NULL
|{福井||福井市 · Fukui City}| NULL
日立市 NULL
会津若松市 NULL
|{水戸||水戸市 · Mito}| NULL
足利市 NULL
小山市 NULL
|{高崎||高崎市 · Takasaki}| NULL
|{伊勢崎||伊勢崎市 · Isesaki}| NULL
|{熊谷||熊谷市}| NULL
土浦市 NULL
守口市 NULL
戸田市 NULL
立川市 NULL
|{長岡||長岡市 · Nagaoka}| NULL
|{新潟||新潟市 · City of Niigata}| NULL
高岡市 NULL
|{上越||上越市}| NULL
|{鳥取||鳥取市 · Tottori}| NULL
|{倉敷||倉敷市 · Kurashiki}| NULL
米子市 NULL
|{松江||松江市 · Matsue}| NULL
宇部市 NULL
|{福山||福山市}| NULL
|{山口||山口市 · Yamaguchi City}| NULL
|{下関||下関市 · Shimonoseki}| NULL
周南市 NULL
防府市 NULL
岩国市 NULL
|{徳島||徳島市 · Tokushima City}| NULL
今治市 NULL
|{松山||松山市 · Matsuyama}| NULL
新居浜市 NULL
|{高松||高松市 · Takamatsu}| NULL
大牟田市 NULL
|{北九州||北九州市 · City of Kitakyushu}| NULL
|{久留米||久留米市 · Kurume}| NULL
大村市 NULL
|{佐賀||佐賀市 · Saga City}| NULL
八代市 NULL
|{佐世保||佐世保市 · Sasebo}| NULL
|{熊本||熊本市 · Kumamoto City}| NULL
|{大分||大分市 · Ōita City}| NULL
都城市 NULL
|{宮崎||宮崎市 · Miyazaki}| NULL
|{Uchinaa||沖縄市}| NULL
延岡市 NULL
飯綱町 NULL
和水町 NULL
氷川町 NULL
美里町 NULL
大空町 NULL
安平町 NULL
福智町 NULL
八重瀬町 NULL
喜界町 NULL
天草市 NULL
NULL NULL
与謝野町 NULL
Kunri NULL
|Athara Hazari| NULL
芦屋市 NULL
|{नवी मुंबई महानगर पालिका||Navi Mumbai Municipal Corporation}| NULL
木津川市 NULL
|{Kamed Al Lawz||كامد اللوز}| NULL
愛荘町 NULL
東みよし町 NULL
美波町 NULL
那賀町 NULL
美郷町 NULL
|Rachaya Al Foukhar| NULL
Saint-Romuald NULL
|{麻生||麻生区• Asao-ku}| NULL
NULL NULL
Tandi NULL
紀美野町 NULL
周防大島町 NULL
みやま市 NULL
築上町 NULL
みやこ町 NULL
宮若市 NULL
東峰村 NULL
|Downtown Oklahoma City| NULL
北区 NULL
東区 NULL
雲南市 NULL
奥出雲町 NULL
美郷町 NULL
飯南町 NULL
吉賀町 NULL
邑南町 NULL
琴浦町 NULL
湯梨浜町 NULL
北栄町 NULL
八頭町 NULL
吉備中央町 NULL
美咲町 NULL
那珂川町 NULL
朝来市 NULL
加東市 NULL
有田川町 NULL
日高川町 NULL
本宮市 NULL
|{Dengfeng||登封||登封市}| |34.45527777777778 113.02527777777777|
Luddan NULL
|Villa del Río Spain| NULL
筑北村 NULL
|Noorpur Thal| NULL
Basirpur NULL
南九州市 NULL
南相馬市 NULL
|Boulevard Gardens Apartments| NULL
屋久島町 NULL
松川村 NULL
Broadway-Flushing NULL
志布志市 NULL
|Tehsil Naurang| NULL
NULL NULL
Saltillo NULL
Ridhapata NULL
|West Industrial| NULL
|Rampur Birta| NULL
|Siddha Nepal| NULL
緑区 NULL
Durlung NULL
伊佐市 NULL
伊賀市 NULL
|Ujoni Majuli| NULL
|Namoni Majuli| NULL
|Downtown Binghamton| NULL
|Cedar Springs Texas| NULL
会津美里町 NULL
|{Westside||Westside of Binghamton}| NULL
|{Southside||Southside of Binghamton}| NULL
|{Eastside||Eastside of Binghamton}| NULL
|{Northside||Northside of Binghamton}| NULL
Sebkha NULL
山中温泉 NULL
|{First Ward||First Ward of Binghamton}| NULL
石垣市 NULL
Sencheri NULL
|Ahotguri mouza| NULL
|La Ciudad de Nueva Cáceres| NULL
|{Leping||乐平市}| NULL
|Nasarawa Nasarawa State| NULL
|City of Cape Flattery| NULL
糸島 NULL
|North West Side (Denver) Colorado| NULL
|North East Side (Denver) Colorado| NULL
あま市 NULL
Phoolnagar NULL
|Solar Valley (China)| NULL
|{Gornji grad||Gradska četvrt Gornji grad}| NULL
|{Donji grad||Gradska četvrt Donji grad}| NULL
|{Gradska četvrt Retfala||Retfala}| NULL
|El Rodeo de San Antonio| |20.312218 -101.505029|
|{Khenchara||خنشارة}| NULL
Elamaldeniya NULL
Pintendre NULL
粟国村 NULL
|{Tunachi||渡名喜村}| NULL
|{Akkulapeta||అక్కులపేట}| |18.405025 83.9019|
|{Івано-Франківська міська рада||Ivano-Frankivsk municipality}| NULL
天草市 NULL
|East Kolkata| NULL
|{Comilla||কুমিল্লা}| NULL
Arunkhola NULL
南大東村 NULL
|{Gladas||Ilola}| NULL
|{Fyzabad फ़ैज़ाबाद||فیض آباد}| NULL
|{Unna||恩納村}| NULL
|{Gornji grad||Gradska četvrt Industrijska četvrt}| NULL
|{Gradska četvrt Novi grad||Novi grad}| NULL
|{Gradska četvrt Jug II||Jug II}| NULL
|Kyle City Hall| NULL
|{City of Liberty||Liberty City}| NULL
|{Alderney||America's Own Liberty City||City of Liberty||State of Alderney}| NULL
Ankara |{39.86666666666667 32.86666666666667||39.875 32.8333}|
|City of Berkeley| |{37.87166666666667 -122.27472222222222||37.87166666666667 -122.27277777777778}|
|City of Davis| |{38.55388888888889 -121.73805555555556||38.56722222222222 -121.88666666666667}|
|{Guatemala||Guatemala City||La Nueva Guatemala de la Asunción}| |{14.613333333333333 -90.53527777777778||14.633333333333333 -90.55}|
Hobart |{-44.833333333333336 149.28333333333333||42.88055555555555 147.325}|
Iqaluit |{63.72972222222222 -68.44666666666667||63.74861111111111 -68.51972222222223}|
|{City of Pittsburgh||Pittsburgh}| |{40.44166666666667 -80.0||40.63879722222222 -80.51899166666666}|
|City of Saint John| |{45.2796 -66.0628||45.28055555555556 -66.07611111111112}|
|Tecumseh Michigan| |{42.00388888888889 -83.945||42.00611111111111 -83.94944444444444}|
Bristol |{51.45 -2.5833333333333335||51.4587 -2.592}|
Bangalore |{12.966666666666667 77.56666666666666||12.97 77.56}|
|City of Nottingham| |{52.95 -1.1333333333333333||52.96666666666667 -1.1666666666666667}|
|{Brooklyn||Kings County}| |{40.624722222222225 -73.95222222222222||40.69277777777778 -73.99027777777778}|
Dili |{-8.55 125.58333333333333||-8.566666666666666 125.56666666666666}|
|{City of Fremont||Fremont California}| |{37.54833333333333 -121.98861111111111||37.55416666666667 -121.99916666666667}|
|City of Palo Alto| |{37.42916666666667 -122.13805555555555||37.44555555555556 -122.16083333333333}|
Houghton |{47.117222222222225 -88.5625||47.121944444444445 -88.56888888888889}|
|{Thiruvananthapuram||തിരുവനന്തപുരം}| |{8.4875 76.9525||8.5 76.9}|
Bridgetown |{13.105833333333333 -59.613055555555555||13.106 -59.632}|
|{Maskat||Muscat}| |{23.60861111111111 58.591944444444444||24.0 57.0}|
|Port Moresby| |{-9.416666666666666 147.28333333333333||-9.513627777777778 147.2188111111111}|
|Topeka Kansas| |{39.05 -95.68333333333334||39.05583333333333 -95.68944444444445}|
|{Baton Rouge Louisiana||City of Baton Rouge}| |{30.448611111111113 -91.12583333333333||30.458055555555557 -91.14027777777778}|
|{City of Jefferson City||Jefferson City Missouri}| |{38.57666666666667 -92.17361111111111||38.64944444444444 -92.21444444444444}|
|Gold Coast| |{-28.1667 153.55||28.016666666666666 153.4}|
Hancock |{47.12694444444445 -88.58083333333333||47.13027777777778 -88.5963888888889}|
|City of Newcastle upon Tyne| |{54.96666666666667 -1.6||54.974 -1.6132}|
Zacatecas |{22.766666666666666 -102.55||22.77166666666667 -102.57527777777777}|
|Roanoke Virginia| |{37.266666666666666 -79.93333333333334||37.270833333333336 -79.94166666666666}|
|{Yokohama||横浜||横浜市 · City of Yokohama}| |{35.44416666666667 139.63805555555555||35.45 139.63333333333333}|
NULL |{34.266666666666666 108.93333333333334||34.266666666666666 108.9}|
|Norton Virginia| |{36.93666666666667 -82.625||36.936805 -82.625146}|
|Lexington Virginia| |{37.78277777777778 -79.445||37.783055555555556 -79.44527777777778}|
|{Chesapeake Virginia||City of Chesapeake}| |{36.714166666666664 -76.23833333333333||36.76722222222222 -76.28722222222223}|
|Oxford Alabama| |{33.596944444444446 -80.8386111111111||33.596944444444446 -85.8386111111111}|
Evergreen |{31.435 -86.95472222222222||31.435 -86.955}|
|{Ekwok||Iquaq}| |59.34916666666667 -157.48527777777778|
|{Stebbins||Tapraq}| |63.511944444444445 -162.2747222222222|
Klawock |55.555 -133.08527777777778|
|Safford Arizona| |32.82333333333333 -109.71472222222222|
|City of Pleasanton| |{37.6625 -121.87472222222222||37.6725 -121.8825}|
|City of Chico| |{39.74 -121.83555555555556||39.7425 -121.85}|
|City of Oroville| |{39.48861111111111 -121.48861111111111||39.516666666666666 -121.55}|
|City of Delano| |{35.75416666666667 -119.28527777777778||35.76888888888889 -119.24694444444444}|
|Avenal California| |{36.00416666666667 -120.12055555555555||36.00416666666667 -120.1288888888889}|
|City of Commerce| |34.00055555555556 -118.15472222222222|
|{City of Manhattan Beach||Manhattan Beach California}| |33.888888888888886 -118.40527777777778|
|City of Sausalito| |37.85916666666667 -122.48527777777778|
|City of Fort Bragg| |39.44583333333333 -123.80527777777777|
|City of Hollister| |{36.833888888888886 -121.3861111111111||36.84722222222222 -121.39833333333333}|
|{City of National City||National City California}| |{32.670833333333334 -117.09277777777778||32.67805555555555 -117.09916666666666}|
|City of Pismo Beach| |{35.14833333333333 -120.64805555555556||35.1552532 -120.672395}|
|City of San Bruno| |{37.625277777777775 -122.42527777777778||37.625288 -122.425266}|
|City of Gilroy| |{37.001666666666665 -121.54083333333334||37.011944444444445 -121.58}|
|City of Capitola| |36.97638888888889 -121.95472222222222|
|The City of Cotati| |{38.327777777777776 -122.70916666666666||38.34325 -122.74166}|
|{City of Visalia||Visalia California}| |{36.31666666666667 -119.3||36.32416666666666 -119.30722222222222}|
|{City of Grand Junction Colorado||Grand Junction}| |{39.06472222222222 -108.56444444444445||39.06666666666667 -108.56666666666666}|
|City of Dacono Colorado| |40.075833333333335 -104.94527777777778|
|Panama City Beach Florida| |{30.176666666666666 -85.80555555555556||30.2075 -85.85138888888889}|
|Lawtey Florida| |{30.045804 -82.072127||30.08278888888889 -82.122575}|
|{Pensacola Florida||The City of Pensacola}| |{30.433333333333334 -87.2||30.436944444444446 -87.20916666666666}|
|Fernandina Beach Florida| |{30.401 -81.2742||30.669444444444444 -81.46166666666667}|
|{City of Largo||Largo}| |{27.908333333333335 -82.77777777777777||27.909166666666668 -82.7875}|
|Gulf Breeze Florida| |{30.36 -87.17805555555556||30.443333333333335 -87.21138888888889}|
|Longwood Florida| |{28.701944444444443 -81.345||28.702061 -81.345098}|
|Oviedo Florida| |{28.65972222222222 -81.19583333333334||28.670277777777777 -81.20847222222223}|
|{City of DeLand||DeLand}| |{29.0225 -81.2863888888889||29.02888888888889 -81.30055555555556}|
|Centerville Georgia| |{32.60861111111111 -83.63805555555555||32.632222222222225 -83.67805555555556}|
|New Meadows Idaho| |44.97027777777778 -116.28527777777778|
|Carey Idaho| |43.309444444444445 -113.94527777777778|
|Idaho Falls| |{43.49166666666667 -112.0325||43.601866666666666 -112.0588}|
|Rexburg Idaho| |43.823055555555555 -111.78527777777778|
|Kellogg Idaho| |47.538333333333334 -116.12527777777778|
Chrisman |{39.80361111111111 -87.67361111111111||39.80416666666667 -87.67555555555556}|
|Bedford Indiana| |{38.86277777777778 -86.49222222222222||38.91641111111111 -86.52878888888888}|
|City of Lafayette| |{40.410585 -86.874681||40.41722222222222 -86.87861111111111}|
|Marion Iowa| |{42.03777777777778 -91.59305555555555||42.03777777777778 -91.75972222222222}|
|Humboldt Kansas| |{37.810833333333335 -95.4375||37.829 -95.4605}|
|Morland Kansas| |39.34888888888889 -100.07472222222222|
|Deerfield Kansas| |37.981944444444444 -101.13472222222222|
|Fowler Kansas| |37.382222222222225 -100.19472222222223|
|Dwight Kansas| |{38.844602 -96.594935||38.844722222222224 -96.595}|
|Washington Kansas| |{39.0 -97.0||39.816944444444445 -97.0525}|
|Central City| |{37.294989 -87.128622||37.295 -87.12861111111111}|
|Coal Run Village Kentucky| |{37.513333333333335 -82.55611111111111||37.51916666666666 -82.56666666666666}|
|Gloucester Massachusetts| |{42.615833333333335 -70.6625||42.62388888888889 -70.67555555555556}|
|Lynn Massachusetts| |{42.46666666666667 -70.95||42.47388888888889 -70.95555555555555}|
|Peabody Massachusetts| |{42.52777777777778 -70.92916666666666||42.534166666666664 -70.96138888888889}|
|Agawam Massachusetts| |{42.06944444444444 -72.61527777777778||42.07194444444445 -72.64416666666666}|
|Gardner Massachusetts| |{42.57388888888889 -71.99083333333333||42.575 -71.99861111111112}|
|Wayland Michigan| |{42.67388888888889 -85.64472222222223||42.67444444444445 -85.64555555555556}|
|Au Gres Michigan| |{44.04361111111111 -83.68888888888888||44.048611111111114 -83.69583333333334}|
|Charlotte Michigan| |{42.56055555555555 -84.83472222222223||42.56361111111111 -84.83583333333333}|
|City of Clio| |{43.1775 -83.73416666666667||43.17805555555555 -83.73611111111111}|
|City of Grand Blanc| |{42.92722222222222 -83.62305555555555||42.9275 -83.63}|
|City of Mount Morris| |{43.11666666666667 -83.7||43.12 -83.71305555555556}|
|Ithaca Michigan| |{43.291111111111114 -84.60305555555556||43.291666666666664 -84.6075}|
|Tawas City Michigan| |{44.269444444444446 -83.51472222222222||44.27 -83.52083333333333}|
|Portage Michigan| |{42.20111111111111 -85.58||42.209722222222226 -85.5886111111111}|
|Walker Michigan| |{43.00083333333333 -85.74||43.00138888888889 -85.76805555555555}|
|City of Center Line| |{42.479166666666664 -83.02444444444444||42.485 -83.02777777777777}|
|Eastpointe Michigan| |{42.46611111111111 -82.94638888888889||42.468333333333334 -82.95555555555555}|
|Lake City Michigan| |{44.3325 -85.21305555555556||44.335277777777776 -85.215}|
|Southfield Michigan| |{42.473333333333336 -83.22194444444445||42.47972222222222 -83.245}|
|Hart Michigan| |{43.69833333333333 -86.3638888888889||43.699444444444445 -86.36583333333333}|
|Durand Michigan| |{42.911944444444444 -83.98472222222222||42.91388888888889 -83.98527777777778}|
|Owosso Michigan| |{42.99611111111111 -84.17444444444445||42.99777777777778 -84.17666666666666}|
|Marysville Michigan| |{42.91027777777778 -82.47972222222222||42.9125 -82.48694444444445}|
|City of Dearborn| |{42.29388888888889 -83.14777777777778||42.31133055555556 -83.21348055555555}|
|Wayne Michigan| |{42.278055555555554 -83.37861111111111||42.28138888888889 -83.38638888888889}|
|Columbus Minnesota| |{45.265277777777776 -93.05||45.27 -93.06055555555555}|
|East Bethel Minnesota| |{45.31944444444444 -93.2025||45.32694444444444 -93.21}|
|Lino Lakes Minnesota| |{45.16027777777778 -93.08888888888889||45.1675 -93.0975}|
|Detroit Lakes Minnesota| |{46.81333333333333 -95.84472222222222||46.81722222222222 -95.84527777777778}|
|Ogema Minnesota| |{47.102777777777774 -95.925||47.10388888888889 -95.92666666666666}|
|Turtle River Minnesota| |{47.5875 -94.75166666666667||47.593333333333334 -94.76333333333334}|
|Tenstrike Minnesota| |{47.656666666666666 -94.67472222222223||47.66111111111111 -94.68083333333334}|
|Graceville Minnesota| |{45.56916666666667 -96.43444444444444||45.56944444444444 -96.43777777777778}|
|Madison Lake Minnesota| |{44.20388888888889 -93.81333333333333||44.20444444444445 -93.81555555555556}|
|Wrenshall Minnesota| |{46.61694444444444 -92.3825||46.620555555555555 -92.38694444444444}|
|Remer Minnesota| |{47.05583333333333 -93.91388888888889||47.056111111111115 -93.9161111111111}|
|Harris Minnesota| |{45.58638888888889 -92.97472222222223||45.59361111111111 -92.98027777777777}|
|Lindström Minnesota| |{45.38777777777778 -92.84388888888888||45.38944444444444 -92.84805555555556}|
|Taylors Falls Minnesota| |{45.401944444444446 -92.6525||45.408611111111114 -92.6588888888889}|
|Wyoming Minnesota| |{45.335 -92.99361111111111||45.33638888888889 -92.99722222222222}|
|Felton Minnesota| |{47.077222222222225 -96.50444444444445||47.07861111111111 -96.50638888888889}|
|Grand Marais Minnesota| |{47.74921111111111 -90.3331||47.75388888888889 -90.33527777777778}|
|Emily Minnesota| |{46.73111111111111 -93.95805555555556||46.7725 -93.9786111111111}|
|Pequot Lakes Minnesota| |{46.60305555555556 -94.30944444444444||46.60388888888889 -94.31583333333333}|
|Farmington Minnesota| |{44.640277777777776 -93.14361111111111||44.649166666666666 -93.15222222222222}|
|Evansville Minnesota| |{46.00416666666667 -95.68277777777777||46.00666666666667 -95.6875}|
|Forada Minnesota| |{45.79055555555556 -95.35333333333334||45.79222222222222 -95.35555555555555}|
|Frost Minnesota| |{43.585277777777776 -93.92472222222223||43.58638888888889 -93.92666666666666}|
|Rushford Village Minnesota| |{43.800555555555555 -91.78361111111111||43.806666666666665 -91.79166666666667}|
|Norcross Minnesota| |{45.868611111111115 -96.19444444444444||45.869166666666665 -96.1975}|
|Corcoran Minnesota| |{45.09527777777778 -93.5475||45.10388888888889 -93.57388888888889}|
|Eden Prairie Minnesota| |{44.81666666666667 -93.45||44.85472222222222 -93.47083333333333}|
|Greenfield Minnesota| |{45.09777777777778 -93.68472222222222||45.10333333333333 -93.6913888888889}|
|Loretto Minnesota| |{45.05388888888889 -93.63444444444444||45.054722222222225 -93.63555555555556}|
|Laporte Minnesota| |{47.21388888888889 -94.75416666666666||47.21388888888889 -94.755}|
|Bigfork Minnesota| |{47.74444444444445 -93.65416666666667||47.746944444444445 -93.655}|
|Calumet Minnesota| |{47.32111111111111 -93.27444444444444||47.32194444444445 -93.27694444444444}|
|Nashwauk Minnesota| |{47.37638888888889 -93.16||47.38027777777778 -93.16833333333334}|
|Ogilvie Minnesota| |{45.83138888888889 -93.42361111111111||45.83222222222222 -93.4263888888889}|
|Hallock Minnesota| |{48.772222222222226 -96.94388888888889||48.77444444444444 -96.94638888888889}|
|Mizpah Minnesota| |{47.924166666666665 -94.20388888888888||47.92527777777778 -94.2063888888889}|
|Bellingham Minnesota| |{45.13527777777778 -96.28444444444445||45.13611111111111 -96.2875}|
|Stephen Minnesota| |{48.45 -96.8725||48.45055555555555 -96.87527777777778}|
|Biscay Minnesota| |{44.82694444444444 -94.27333333333333||44.8275 -94.275}|
|Hutchinson Minnesota| |{44.88777777777778 -94.36972222222222||44.888888888888886 -94.375}|
|Flensburg Minnesota| |{45.94888888888889 -94.5325||45.95527777777778 -94.535}|
|Perley Minnesota in| |{47.176944444444445 -96.80305555555556||47.17777777777778 -96.80527777777777}|
|Fergus Falls MN| |{46.283055555555556 -96.0775||46.284166666666664 -96.15666666666667}|
|Rutledge Minnesota| |{46.25833333333333 -92.8638888888889||46.26444444444444 -92.8675}|
|Sandstone Minnesota| |{46.12972222222222 -92.865||46.13111111111111 -92.8675}|
|Sturgeon Lake Minnesota| |{46.38111111111111 -92.82388888888889||46.38333333333333 -92.82722222222222}|
|Trail Gully Township Polk County Minnesota| |{47.78 -95.69222222222223||47.78055555555556 -95.695}|
|Lauderdale Minnesota| |{44.99444444444445 -93.20166666666667||44.99861111111111 -93.20583333333333}|
|Maplewood Minnesota| |{44.95305555555556 -92.99527777777777||44.992777777777775 -93.02388888888889}|
|Vadnais Heights Minnesota| |{45.0575 -93.07388888888889||45.05861111111111 -93.07777777777778}|
|Brooks Minnesota| |{47.81444444444445 -96.00222222222222||47.81722222222222 -96.00583333333333}|
|Wabasso Minnesota| |{44.401666666666664 -95.2538888888889||44.401944444444446 -95.25583333333333}|
|Hector Minnesota| |{44.7425 -94.71444444444444||44.74388888888889 -94.71555555555555}|
|Morton Minnesota| |{44.55138888888889 -94.98444444444445||44.55166666666667 -94.98555555555555}|
|Becker Minnesota| |{45.39138888888889 -93.87277777777778||45.39333333333333 -93.87694444444445}|
|Gibbon Minnesota| |{44.53333333333333 -94.52416666666667||44.53388888888889 -94.52638888888889}|
|Babbitt Minnesota| |{47.669444444444444 -91.91944444444445||47.70861111111111 -91.94472222222223}|
|Hermantown Minnesota| |{46.80138888888889 -92.2225||46.80694444444445 -92.23833333333333}|
|Mountain Iron Minnesota| |{47.51916666666666 -92.60638888888889||47.5325 -92.62361111111112}|
|Tower Minnesota| |{47.80555555555556 -92.27472222222222||47.80694444444445 -92.27944444444445}|
|Hancock Minnesota| |{45.49666666666667 -95.79416666666667||45.4975 -95.79666666666667}|
|Hugo Minnesota| |{45.15222222222222 -92.96333333333334||45.16 -92.99333333333334}|
|Lake Elmo Minnesota| |{44.99583333333333 -92.87944444444445||44.99888888888889 -92.90944444444445}|
|Scandia Minnesota| |{45.25361111111111 -92.80583333333334||47.55 -96.6438888888889}|
|Oak Park Heights Minnesota| |{45.03138888888889 -92.79305555555555||45.035 -92.81055555555555}|
|Oakdale Minnesota| |{44.963055555555556 -92.965||44.98722222222222 -92.96583333333334}|
|Kent Minnesota| |{46.43638888888889 -96.68472222222222||46.43666666666667 -96.68555555555555}|
|Goodview Minnesota| |{44.0625 -91.69583333333334||44.06444444444445 -91.70583333333333}|
|Albertville Minnesota| |{45.23777777777778 -93.65444444444445||45.238055555555555 -93.65972222222223}|
|Bozeman Montana| |{45.654444444444444 -110.94305555555556||45.67777777777778 -111.04722222222222}|
|Curtis Nebraska| |40.6325 -100.51472222222222|
|Walker Minnesota| |{47.09972222222222 -94.58111111111111||47.10138888888889 -94.58722222222222}|
|Robbinsdale Minnesota| |{45.02638888888889 -93.33472222222223||45.032222222222224 -93.3386111111111}|
|Bird Island| |{44.764722222222225 -94.89472222222223||44.7675 -94.89555555555556}|
|Lebanon New Hampshire| |{43.64222222222222 -72.25166666666667||43.64388888888889 -72.25527777777778}|
|Manchester New Hampshire| |{42.98638888888889 -71.45166666666667||42.990833333333335 -71.4636111111111}|
|Franklin New Hampshire| |{43.44416666666667 -71.6475||43.44694444444445 -71.65694444444445}|
|Vineland New Jersey| |39.465007 -74.997115|
|{City of Long Beach||Long Beach New York}| |{40.58605 -73.66775||40.588055555555556 -73.68805555555555}|
|Crosby North Dakota| |48.9125 -103.29472222222222|
|Carpio North Dakota| |48.44222222222222 -101.71472222222222|
|Donnybrook North Dakota| |48.51 -101.88527777777777|
|Makoti North Dakota| |47.96138888888889 -101.80527777777777|
|Seiling Oklahoma| |{36.14861111111111 -98.925||36.1515478 -98.9253171}|
|Newcastle Oklahoma| |{35.24027777777778 -97.59138888888889||35.24745 -97.60006111111112}|
|Nyssa Oregon| |{43.875298 -116.990629||43.87916666666667 -116.99694444444444}|
|Scotts Mills Oregon| |{45.041019 -122.664757||45.04194444444445 -122.66722222222222}|
Erie |{42.114444444444445 -80.07611111111112||42.12956111111111 -80.08521388888889}|
|York Pennsylvania| |{39.96277777777778 -76.72805555555556||39.96666666666667 -76.75}|
|City of East Providence| |{41.80138888888889 -71.36083333333333||41.81361111111111 -71.37}|
|City of Woonsocket| |{42.001666666666665 -71.50722222222223||42.00833333333333 -71.51611111111112}|
|Timber Lake South Dakota| |45.42861111111111 -101.07472222222222|
|Mobridge South Dakota| |{45.539709 -100.434716||45.539722222222224 -100.43472222222222}|
|Ridgeside Tennessee| |{35.034975 -85.248112||35.035 -85.24805555555555}|
|Smithville Texas| |{30.007096 -97.154924||30.00722222222222 -97.155}|
|{City of Irving||Irving Texas}| |{32.81166666666667 -96.95083333333334||32.84722222222222 -96.96638888888889}|
|Socorro Texas| |31.64138888888889 -106.27472222222222|
|Turkey Texas| |34.39416666666666 -100.89472222222223|
|Gruver Texas| |36.26277777777778 -101.40527777777778|
|Hallsburg Texas| |{31.554978 -96.954512||31.555 -96.95444444444445}|
|Texhoma Texas| |36.49666666666667 -101.78527777777778|
|Panguitch Utah| |37.82222222222222 -112.43472222222222|
|{City of Wenatchee||Wenatchee}| |47.42333333333333 -120.32527777777777|
|Black Diamond Washington| |47.31777777777778 -122.01472222222222|
|{Bellevue||City of Bellevue}| |{47.5975 -122.15916666666666||47.61 -122.2}|
|Cle Elum Washington| |{47.19416666666667 -120.9375||47.21841666666667 -120.96291111111111}|
|{City of Orting||Orting}| |47.096111111111114 -122.20527777777778|
|City of Lynnwood| |{47.827777777777776 -122.30527777777777||47.827868 -122.305391}|
|Grad Sisak| |{45.46666666666667 16.383333333333333||45.483333333333334 16.366666666666667}|
|Richmond Michigan| |{42.79638888888889 -82.73527777777778||42.81166666666667 -82.75666666666666}|
|Spring Lake Park Minnesota| |{45.10777777777778 -93.23805555555556||45.115833333333335 -93.24777777777778}|
|Dayton Minnesota| |{45.19638888888889 -93.48083333333334||45.24388888888889 -93.515}|
|Rockford Minnesota| |{45.08833333333333 -93.73444444444445||45.090555555555554 -93.7388888888889}|
|La Crescent Minnesota| |{43.82666666666667 -91.305||43.82916111111111 -91.30839722222223}|
|Elysian Minnesota| |{44.19861111111111 -93.67388888888888||44.2 -93.67722222222223}|
|Princeton Minnesota| |{45.57 -93.58166666666666||45.57277777777778 -93.58527777777778}|
|Sand Springs Oklahoma| |{36.138333333333335 -96.12083333333334||36.23833333333334 -96.20416666666667}|
|City of Coppell Texas| |{32.73861111111111 -96.88916666666667||32.96722222222222 -96.98666666666666}|
|Hamlin Texas| |32.88666666666667 -100.12527777777778|
|Auburn Washington| |47.30222222222222 -122.21472222222222|
|{Inglis||Tamworth}| |{-31.092222222222222 150.93055555555554||31.083333333333332 150.91666666666666}|
|{Heroica Puebla de Zaragoza||Puebla}| |{19.045277777777777 -98.1975||19.051388888888887 -98.21777777777778}|
|City of Manila| |{14.583333333333334 121.0||14.583333333333334 120.96666666666667}|
|{Oaxaca||Oaxaca de Juárez}| |{17.067777777777778 -96.72||17.083333333333332 -96.75}|
|{Chandigarh||ਚੰਡੀਗੜ੍ਹ}| |{30.74 76.79||30.75 76.78}|
|{City of Kelowna||Kelowna}| |{49.8801 -119.4436||49.88361111111111 -119.49333333333334}|
|{Abbotsford||City of Abbotsford}| |{49.041666666666664 -122.24472222222222||49.054611111111114 -122.328}|
|{Armidale||Sandon}| |{-30.5 151.65||-30.515 151.665}|
|La Rioja| |{-29.389166666666668 -66.8025||-29.433333333333334 -66.85}|
|{Salem||சேலம்}| |{11.65 78.16||11.669437 78.140865}|
|{City of Medicine Hat||Medicine Hat}| |{50.01061111111111 -110.11341666666667||50.041666666666664 -110.6775}|
|Butte-Silver Bow Montana| |{45.99888888888889 -112.52416666666667||46.006388888888885 -112.52972222222222}|
|Fennimore Wisconsin| |{42.98222222222222 -90.65305555555555||42.983611 -90.655278}|
|Medford Wisconsin| |{45.13777777777778 -90.345||45.13805555555555 -90.34527777777778}|
|{Jeddah||جدّة Jidda}| |{21.491944444444446 39.19||21.543333333333333 39.172777777777775}|
|{Fushë Kosova (Fushë Kosovë)||Kosovo Polje||Косово Поље (Kosovo Polje)}| |{42.63 21.12||42.63333333333333 21.083333333333332}|
Pontevedra |{42.43333333333333 -8.633333333333333||42.433619 -8.648053}|
|{Gunsan||군산}| |{35.983333333333334 126.71666666666667||35.99055555555555 126.70444444444445}|
|{Tokchon||덕천||덕천시}| |{39.75 126.33333333333333||39.761 126.312}|
|{Dali City||大理||大理市}| |{25.6 100.26666666666667||25.7 100.15}|
|{Donghae||동해}| |{37.38333333333333 129.21666666666667||37.524771 129.114282}|
|{Taoyuan||Taoyuan City · 桃園市||桃園}| |{24.988888888888887 121.31111111111112||25.0 121.3}|
Burnie |{-41.06361111111111 145.89194444444445||41.06361111111111 145.87527777777777}|
Amritsar |{31.63 74.87||31.64 74.86}|
Masvingo |{-20.074444444444445 30.83277777777778||-20.083333333333332 30.833333333333332}|
Gwadar |{25.12638888888889 62.3225||25.2 62.19}|
|{Surat Thani||สุราษฎร์ธานี}| |{12.608611111111111 102.27055555555556||9.139722222222222 99.33055555555555}|
Balikpapan |{-1.25 116.83333333333333||-1.2635388888888888 116.82788333333333}|
|{Wonsan||원산||원산시}| |{39.1475 127.44611111111111||39.187222222222225 127.40777777777778}|
|{Jammu||जम्मू}| |{32.69611111111111 75.14694444444444||32.73 74.87}|
Arcadia |{44.25194444444445 -91.49472222222222||44.25194444444445 -91.495}|
Rosario |{-32.95 -60.666666666666664||-32.95055555555555 -60.704166666666666}|
|San Salvador de Jujuy| |{-24.183333333333334 -65.3||-24.4 -65.08333333333333}|
Corrientes |{-27.43888888888889 -58.7675||-27.483333333333334 -58.81666666666667}|
|{Sylhet||Sylhet City Corporation||সিলেট (Silēţ)}| |{24.8917 91.8833||24.897777777777776 91.87138888888889}|
|{Ciudad de Iquitos||Iquitos}| |{-3.7333333333333334 -73.25||-3.75 -73.25}|
|{Meizhou||梅州||梅州市}| |{23.35 116.66666666666667||24.277 116.116}|
|Cuatro Ciénegas de Carranza| |{26.983333333333334 -102.05||26.98611111111111 -102.0663888888889}|
Castaños |{26.783333333333335 -101.41666666666667||26.784166666666668 -101.43277777777777}|
Karimnagar |{18.43 79.15||18.436944444444446 79.12416666666667}|
Chambly |{45.45 -73.28333333333333||45.45 -73.29083333333334}|
Paraná |{-31.733333333333334 -60.53333333333333||-31.78527777777778 -60.469166666666666}|
Trelew |{-43.25 -65.3||-43.25694444444444 -65.31138888888889}|
Amravati |{20.925833333333333 77.76472222222222||20.93 77.75}|
|{Hwaseong||화성}| |{37.19972222222222 126.8313888888889||37.2 126.76666666666667}|
Kohima |{25.67 94.12||25.6701 94.1077}|
Alibagh |{18.64 72.88||18.64138888888889 72.87222222222222}|
|{Bijapur||ಬಿಜಾಪುರ}| |{16.82 75.72||16.83 75.7}|
NULL |{43.86666666666667 126.55||44.083333333333336 126.46666666666667}|
Chhatarpur |{24.9 79.6||24.915709 79.582214}|
Blokzijl |{52.71666666666667 5.966666666666667||52.72638888888889 5.961666666666667}|
|{Bidar||ಬೀದರ್}| |{17.9 77.55||17.915 77.519}|
|{Vitina||Витина / VitinaViti / Vitia}| |{42.3 21.383333333333333||42.31666666666667 21.35}|
|{Andong||안동}| |{36.55916666666667 128.7288888888889||36.56666666666667 128.71666666666667}|
|{faizabad||فیض آباد||फ़ैज़ाबाद}| |{26.72972222222222 82.13805555555555||26.78 82.13}|
|Concordia Entre Ríos Argentina| |{-31.3 -58.0||-31.4 -58.03333333333333}|
Thoothukudi |{8.53 78.36||8.81 78.14}|
|{||Assab}| |{13.007777777777777 42.74111111111111||13.016666666666667 42.733333333333334}|
|{Arak||اراک}| |{34.08 49.7||34.09166666666667 49.689166666666665}|
|{Natanz||نطنز}| |{33.513333333333335 51.91638888888889||33.71666666666667 51.71666666666667}|
NULL |{30.653333333333332 111.32222222222222||30.716666666666665 111.28333333333333}|
|{Pingzhen||Pingzhen City · 平鎮市||平鎮}| |{24.929408 121.205292||24.94396111111111 121.21606388888888}|
|{Ecatepec||San Cristóbal Ecatepec de Morelos}| |{19.6 -99.05||19.60972222222222 -99.06}|
|{Gaya||गया}| |{24.75 85.01||24.78 85.0}|
Ambikapur |{23.12 83.2||23.2 83.03333333333333}|
|{Guaymas||Guaymas de Zaragoza}| |{27.918333333333333 -110.89888888888889||27.966666666666665 -110.96666666666667}|
|{Lipjan (Lipjani)||Lipljan||Липљан (Lipljan)}| |{42.53 21.13861111111111||42.53333333333333 21.1}|
|{Bandar Eng'd a Pagadian||City of Pagadian||Ciudad de Pagadián||Dakbayan sa Pagadian}| |7.828333333333333 123.3346138888889|
|{Tai'an||泰安||泰安市}| |{36.166666666666664 117.11666666666666||36.2 117.08333333333333}|
|{Muzaffarpur||bhojpuri film's city}| |{26.07 85.45||26.12 85.4}|
|{Wenchang||文昌}| |{19.620833333333334 110.75138888888888||19.627 110.731}|
Jiwani |{25.05 61.733333333333334||25.3 61.44}|
|{Jincheng||晋城||晋城市}| |{35.5 112.85||35.516666666666666 112.83333333333333}|
|{Malegaon||मालेगाव}| |{18.42 77.53||20.55 74.55}|
Malargüe |{-34.765 -70.2863888888889||-35.475 -69.58333333333333}|
Damoh |{21.88 80.78||23.84 79.45}|
Posadas |{-27.36638888888889 -55.89416666666666||-27.366666666666667 -55.96666666666667}|
|{Keren||ከረን}| |{15.777777777777779 38.45805555555555||15.783333333333333 38.45}|
|{Qitaihe||七台河市}| |{45.766666666666666 131.0||45.8 130.85}|
Dimapur |{25.9125 93.74166666666666||25.92 93.73}|
|{Thanesar||थानेसर}| |{29.965717 76.837006||29.98 76.82}|
Jamalpur |{25.3 86.5||25.314236 86.489525}|
Valenzuela |{-23.583333333333332 -56.86666666666667||-25.583333333333332 -56.86666666666667}|
|{Brookhaven||North Atlanta Georgia}| |{33.85916666666667 -84.33888888888889||33.87972222222222 -84.35166666666667}|
Senneterre |{48.38333333333333 -77.23333333333333||48.391666666666666 -77.2388888888889}|
Sagamu |{12.266666666666667 6.55||6.766666666666667 3.5833333333333335}|
Bhusawal |{21.04737777777778 75.787775||21.05 75.77}|
|City of Ponta Grossa Paraná Brazil| |{-25.099444444444444 -50.15833333333333||-25.416666666666668 -49.25}|
Ballia |{25.44 84.11||25.45 84.1}|
|{Dhiban||ذيبان}| |{31.49888888888889 35.785555555555554||31.5 35.78333333333333}|
Bermeo |{43.42033333333333 -2.722||43.422777777777775 -2.7255555555555553}|
|{Wai||वाई}| |{17.93 73.9||17.94 73.88}|
|San Martín de los Andes| |{-40.083333333333336 -71.13333333333334||-40.166666666666664 -71.35}|
|Curuzú Cuatiá| |{-29.783333333333335 -58.016666666666666||-29.783333333333335 -58.083333333333336}|
Villaguay |{-31.85 -59.016666666666666||-31.85 -59.083333333333336}|
Satna |{24.16 80.83||24.34 80.55}|
Actopan |{20.267 -98.933||20.27 -98.945}|
|São José| |{-27.6 -48.61666666666667||-27.615 -48.62777777777778}|
Umaria |{23.38 80.28||23.42 78.63}|
Torres |{-29.326666666666668 -49.7675||-29.341944444444444 -49.72972222222222}|
|{Bongaigaon||বঙাইগাঁও}| |{26.47 90.57||26.48 90.56}|
Madiun |{-7.2652777777777775 112.7425||-7.616666666666667 111.51666666666667}|
Taranagar |{28.66888888888889 75.04055555555556||28.68 75.03}|
Purwokerto |{-7.433333333333334 109.23333333333333||-7.441388888888889 109.24438611111111}|
Mormugão |{15.25 73.98||15.4 73.8}|
|{Huangshi||黄石||黄石市}| |{30.156388888888888 114.93472222222222||30.216666666666665 115.08333333333333}|
Tarapur |{17.7 75.47||19.85 72.7}|
|{Baraut||बडौत}| |{29.16722222222222 77.4413888888889||29.6 77.16}|
|{Souf||مدينة سوف}| |{32.272280555555554 35.891397222222224||32.30561388888889 35.88361111111111}|
|{Hunagunda||ಹುನಗುಂದ}| |{16.0619 76.0603||16.07 76.05}|
|{Manuguru||మణుగూరు}| |{17.937255 80.81852||17.98138888888889 80.75}|
|Summerset South Dakota| |{44.19 -103.34388888888888||44.1975 -103.34555555555555}|
Channapatna |{12.65 77.22||12.653 77.205}|
|{Awantipora||अवन्तिपुर}| |{33.92 75.02||33.9232602 75.012846}|
|{Bannur||Bannur (ಬನ್ನೂರ್)}| |{12.2548 76.907||12.33 76.86}|
Gajraula |{28.834722222222222 78.24388888888889||28.85 78.23}|
|{Sariwon||사리원||사리원시}| |{38.506388888888885 125.75972222222222||38.50778 125.75444}|
Kalliasseri |{11.95 75.35||12.0 75.29}|
Kandukur |{15.216665 79.91667||17.07 78.49}|
