,district,sub_district,sum(aadhaar_generated)
0,Ahmadnagar,Nagar,0
1,Ahmadnagar,Nevasa,18
2,Ahmadnagar,Parner,1
3,Ahmadnagar,Pathardi,13
4,Ahmadnagar,Rahta,0
5,Ahmadnagar,Rahuri,5
6,Ahmadnagar,Shevgaon,23
7,Ahmadnagar,Shrigonda,3
8,Ahmed Nagar,Kopargaon,0
9,Ahmed Nagar,Nagar,0
10,Ahmedabad,Ahmadabad City,1
11,Ajmer,Beawar,3
12,Ajmer,Bhinay,1
13,Ajmer,Kekri,17
14,Ajmer,Kishangarh,3
15,Ajmer,Peesangan,1
16,Ajmer,Sarwar,16
17,Akola,Balapur,2
18,Akola,Telhara,1
19,Alirajpur,Bhavra,32
20,Alirajpur,Jobat,16
21,Allahabad,Allahabad,9
22,Allahabad,Bara,1
23,Allahabad,Koraon,1
24,Alwar,Alwar,1
25,Alwar,Behror,5
26,Alwar,Kathumar,1
27,Alwar,Kishangarh Bas,6
28,Alwar,Kotkasim,1
29,Alwar,Rajgarh,0
30,Alwar,Thanagazi,1
31,Alwar,Tijara,4
32,Ambala,Ambala,5
33,Ambala,Naraingarh,2
34,Ambedkar Nagar,Tanda,1
35,Amravati,Nandgaon-Khandeshwar,1
36,Amravati,Teosa,0
37,Amritsar,Ajnala,4
38,Amritsar,Amritsar,8
39,Amritsar,Baba Bakala,13
40,Anuppur,Anuppur,20
41,Anuppur,Jaithari,38
42,Anuppur,Kotma,8
43,Anuppur,Pushparajgarh,37
44,Ashok Nagar,Ashoknagar,2
45,Aurangabad,Aurangabad,8
46,Aurangabad,Gangapur,10
47,Aurangabad,Kannad,6
48,Aurangabad,Khuldabad,1
49,Aurangabad,Paithan,1
50,Aurangabad,Sillod,6
51,Aurangabad,Vaijapur,3
52,Bagalkot,Jamakhandi,1
53,Balaghat,Baihar,5
54,Balaghat,Balaghat,34
55,Balaghat,Katangi,19
56,Balaghat,Kirnapur,129
57,Balaghat,Lanji,26
58,Balaghat,Waraseoni,48
59,Balrampur,Balrampur,1
60,Bangalore,Anekal,61
61,Bangalore,Bangalore North,239
62,Bangalore,Bangalore South,122
63,Bangalore Rural,Dod Ballapur,3
64,Bangalore Rural,Nelamangala,2
65,Banka,Bausi,1
66,Banka,Chandan,1
67,Banswara,Bagidora,5
68,Banswara,Garhi,4
69,Banswara,Ghatol,37
70,Banswara,Kushalgarh,15
71,Baran,Antah,0
72,Baran,Atru,2
73,Baran,Shahbad,2
74,Bargarh,Barapali,1
75,Barwani,Barwani,19
76,Barwani,Rajpur,2
77,Barwani,Thikri,9
78,Bathinda,Bathinda,5
79,Bathinda,Rampura Phul,18
80,Bathinda,Talwandi Sabo,35
81,Beed,Ambejogai,14
82,Beed,Dharur,3
83,Beed,Georai,1
84,Beed,Kaij,18
85,Beed,Manjlegaon,2
86,Beed,Parli,2
87,Beed,Patoda,2
88,Beed,Shirur (Kasar),1
89,Belgaum,Chikodi,23
90,Belgaum,Gokak,10
91,Belgaum,Hukkeri,22
92,Belgaum,Raybag,6
93,Belgaum,Sampgaon,2
94,Bellary,Hagaribommanahalli,7
95,Bellary,Hospet,20
96,Bellary,Kudligi,11
97,Bellary,Siruguppa,9
98,Betul,Amla,7
99,Betul,Betul,6
100,Betul,Bhainsdehi,15
101,Betul,Multai,23
102,Betul,Shahpur,2
103,Bhagalpur,Kahalgoan,0
104,Bhagalpur,Pirpainti,1
105,Bhandara,Bhandara,0
106,Bhandara,Lakhani,1
107,Bhandara,Tumsar,3
108,Bharatpur,Bayana,3
109,Bharatpur,Bharatpur,7
110,Bharatpur,Kaman,7
111,Bharatpur,Kumher,17
112,Bharatpur,Nadbai,12
113,Bharatpur,Nagar,13
114,Bharatpur,Pahari,1
115,Bharatpur,Rupbas,5
116,Bharatpur,Weir,39
117,Bhilwara,Asind,2
118,Bhilwara,Banera,16
119,Bhilwara,Bhilwara,7
120,Bhilwara,Hurda,6
121,Bhilwara,Jahazpur,9
122,Bhilwara,Mandal,24
123,Bhilwara,Shahpura,36
124,Bhind,Ater,21
125,Bhind,Gohad,5
126,Bhind,Lahar,54
127,Bhind,Mehgaon,25
128,Bhind,Mihona,9
129,Bhind,Ron,7
130,Bhiwani,Bawani Khera,2
131,Bhiwani,Bhiwani,41
132,Bhiwani,Dadri,10
133,Bhojpur,Tarari,1
134,Bhopal,Berasia,5
135,Bhopal,Huzur,12
136,Bidar,Aurad,6
137,Bidar,Bhalki,6
138,Bidar,Homnabad,13
139,Bijapur,Basavana Bagevadi,1
140,Bikaner,Bikaner,2
141,Bokaro,Chandankiyari,1
142,Bokaro,Chandrapura,2
143,Bokaro,Chas,0
144,Bokaro,Gomia,12
145,Bokaro,Nawadih,3
146,Buldhana,Buldhana,1
147,Buldhana,Chikhli,42
148,Buldhana,Deolgaon Raja,44
149,Buldhana,Khamgaon,1
150,Buldhana,Malkapur,3
151,Buldhana,Mehkar,27
152,Buldhana,Motala,7
153,Buldhana,Sindkhed Raja,10
154,Bundi,Bundi,1
155,Bundi,Hindoli,1
156,Bundi,Indragarh,0
157,Bundi,Keshoraipatan,1
158,Burhanpur,Burhanpur,28
159,Burhanpur,Nepanagar,1
160,Central Delhi,New Delhi,5
161,Chamrajanagar,Chamarajanagar,4
162,Chamrajanagar,Kollegal,2
163,Chandigarh,Chandigarh,2
164,Chatra,Chatra,13
165,Chatra,Hunterganj,49
166,Chatra,Kunda,16
167,Chatra,Lawalaung,4
168,Chatra,Pathalgora,3
169,Chatra,Pratappur,40
170,Chatra,Simaria,28
171,Chatra,Tandwa,3
172,Chennai,Chennai,2
173,Chhatarpur,Bada-malhara,40
174,Chhatarpur,Bijawar,102
175,Chhatarpur,For New VTC,1
176,Chhatarpur,Gaurihar,10
177,Chhatarpur,Laundi,38
178,Chhatarpur,Nowgaon,14
179,Chhatarpur,Rajnagar,45
180,Chhindwara,Amarwara,17
181,Chhindwara,Bichhua,8
182,Chhindwara,Chaurai,7
183,Chhindwara,Chhindwara,46
184,Chhindwara,Jamai,4
185,Chhindwara,Pandhurna,4
186,Chhindwara,Parasia,14
187,Chhindwara,Sausar,4
188,Chhindwara,Tamia,6
189,Chickmagalur,Chikkamagalur,2
190,Chickmagalur,Kadur,7
191,Chitradurga,Challakere,25
192,Chitradurga,Hiriyur,16
193,Chitradurga,Holalkere,18
194,Chitradurga,Molakalmuru,1
195,Chittorgarh,Bhadesar,5
196,Chittorgarh,Dungla,1
197,Chittorgarh,Kapasan,1
198,Cuddalore,Chidambaram,1
199,Cuddalore,Cuddalore,4
200,Dakshina Kannada,Belthangady,9
201,Damoh,Batiyagarh,10
202,Damoh,Damoh,45
203,Damoh,Hatta,39
204,Damoh,Jabera,49
205,Damoh,Patera,20
206,Damoh,Patharia,26
207,Damoh,Tendukheda,75
208,Darbhanga,Keotiranway,1
209,Datia,Bhander,14
210,Datia,Datia,8
211,Datia,Seondha,8
212,Dausa,Mahwa,7
213,Davangere,Jagalur,1
214,Deoghar,Deoghar,8
215,Deoghar,Devipur,1
216,Deoghar,Madhupur,10
217,Deoghar,Mohanpur,3
218,Deoghar,Palojori,3
219,Dewas,Bagli,1
220,Dewas,Dewas,4
221,Dewas,Khategaon,3
222,Dewas,Sonkatch,0
223,Dhalai,Ambassa,7
224,Dhalai,Salema,8
225,Dhanbad,Baghmara-cum-katras,10
226,Dhanbad,Dhanbad-cum-kenduadih-cum-jagta,2
227,Dhanbad,Govindpur,1
228,Dhanbad,Jharia,3
229,Dhanbad,Nirsa-cum-chirkunda,22
230,Dhanbad,Topchanchi,0
231,Dhanbad,Tundi,4
232,Dhar,Badnawar,13
233,Dhar,Dhar,26
234,Dhar,Dharampuri,39
235,Dhar,For New VTC,0
236,Dhar,Gandhwani,22
237,Dhar,Kukshi,55
238,Dhar,Kukshi ,11
239,Dhar,Manawar,86
240,Dhar,Sardarpur,9
241,Dharwad,Hubli,2
242,Dholpur,Bari,13
243,Dhule,Dhule,6
244,Dhule,Sakri,5
245,Dhule,Shirpur,37
246,Dhule,Sindkhede,5
247,Dindori,Dindori,30
248,Dindori,Shahpura,7
249,Dumka,Masalia,5
250,Dumka,Ramgarh,1
251,Dumka,Ranishwar,1
252,Dumka,Saraiyahat,13
253,Dungarpur,Aspur,5
254,Dungarpur,Dungarpur,3
255,Dungarpur,Sagwara,69
256,Dungarpur,Simalwara,9
257,East Delhi,Gandhi Nagar,1
258,East Godavari,Kadiam (Mandal),0
259,East Godavari,Korukonda,0
260,East Godavari,Malikipuram,0
261,East Godavari,Seethanagaram,0
262,East Singhbhum,Dumaria,1
263,East Singhbhum,Golmuri,0
264,East Singhbhum,Musabani,2
265,East Singhbhum,Patamda,1
266,East Singhbhum,Potka,21
267,Ernakulam,Kanayannur,1
268,Faridabad,Faridabad,3
269,Faridkot,Faridkot,1
270,Fatehabad,Fatehabad,18
271,Fatehabad,Ratia,4
272,Fazilka,Abohar,9
273,Fazilka,Fazilka,1
274,Ferozepur,Ferozepur,18
275,Ferozepur,Jalalabad,0
276,Ferozepur,Zira,4
277,Gadchiroli,Aheri,1
278,Gadchiroli,Bhamragad,1
279,Gadchiroli,Desaiganj (Vadasa),12
280,Gadchiroli,Gadchiroli,4
281,Gadchiroli,Kurkheda,14
282,Ganganagar,Anupgarh,10
283,Ganganagar,Ganganagar,0
284,Ganganagar,Gharsana,8
285,Ganganagar,Karanpur,1
286,Ganganagar,Raisinghnagar,20
287,Ganganagar,Vijainagar,2
288,Garhwa,Bhawnathpur,3
289,Garhwa,Majhiaon,1
290,Garhwa,Ramkanda,5
291,Garhwa,Ramna,2
292,Gautam Buddha Nagar,Gautam Buddha Nagar,2
293,Gaya,Sherghati,1
294,Ghaziabad,Ghaziabad,6
295,Giridih,Birni,0
296,Giridih,Dumri,1
297,Giridih,Gandey,1
298,Giridih,Pirtand,1
299,Godda,Boarijor,18
300,Godda,Meherma,3
301,Godda,Pathargama,2
302,Godda,Poreyahat,119
303,Godda,Sundarpahari,3
304,Godda,Thakur Gangti,2
305,Gondiya,Gondiya,0
306,Gondiya,Sadak-arjuni,0
307,Gulbarga,Afzalpur,6
308,Gumla,Basia,0
309,Gumla,Bishunpur,8
310,Gumla,Dumri,1
311,Gumla,Gumla,2
312,Gumla,Kamdara,15
313,Gumla,Raidih,0
314,Gumla,Sisai,2
315,Guna,Aron,12
316,Guna,Chachaura,11
317,Guna,Guna,66
318,Guna,Kumbhraj,2
319,Guna,Raghogarh,32
320,Gurdaspur,Batala,21
321,Gurdaspur,Dera Baba Nanak,9
322,Gurdaspur,Dhar Kalan,0
323,Gurdaspur,Gurdaspur,53
324,Gurgaon,Farrukhnagar,19
325,Gurgaon,Sohna,1
326,Gwalior,Gird,66
327,Hanumangarh,Bhadra,6
328,Harda,Khirkiya,1
329,Harda,Timarni,4
330,Hassan,Alur,1
331,Hassan,Arasikere,16
332,Hassan,Arkalgud,1
333,Hassan,Belur,1
334,Haveri,Byadagi,1
335,Haveri,Hanagal,25
336,Haveri,Haveri,6
337,Haveri,Ranebennur,1
338,Hazaribagh,Barhi,1
339,Hazaribagh,Barkagaon,2
340,Hazaribagh,Bishungarh,2
341,Hazaribagh,Chauparan,1
342,Hazaribagh,Churchu,1
343,Hazaribagh,Keredari,1
344,Hingoli,Basmath,3
345,Hingoli,Kalamnuri,1
346,Hisar,Hansi,177
347,Hisar,Hisar,24
348,Hisar,Narnaund,4
349,Hooghly,Serampur Uttarpara,2
350,Hoshangabad,Babai,0
351,Hoshangabad,Seoni-malwa,0
352,Hoshiarpur,Dasuya,70
353,Hoshiarpur,Garhshankar,59
354,Hoshiarpur,Hoshiarpur,4
355,Hoshiarpur,Mukerian,4
356,Hyderabad,Bahadurpura,3
357,Hyderabad,Charminar,9
358,Hyderabad,Nampally,0
359,Hyderabad,Secunderabad,4
360,Indore,Depalpur,48
361,Indore,Indore,76
362,Indore,Mhow,9
363,Indore,Mhow ,2
364,Indore,Sawer,6
365,Jabalpur,For New VTC,0
366,Jabalpur,Jabalpur,15
367,Jabalpur,Patan,2
368,Jaipur,Amber,11
369,Jaipur,Chaksu,3
370,Jaipur,Chomu,2
371,Jaipur,Jaipur,14
372,Jaipur,Jamwa Ramgarh,1
373,Jaipur,Kotputli,15
374,Jaipur,Phagi,5
375,Jaipur,Phulera (HQ Sambhar),44
376,Jaipur,Sanganer,10
377,Jaipur,Shahpura,2
378,Jaisalmer,Pokaran,1
379,Jalandhar,Jalandhar - I,1
380,Jalandhar,Jalandhar -II,0
381,Jalandhar,Nakodar,3
382,Jalandhar,Phillaur,5
383,Jalandhar,Shahkot,1
384,Jalaun,Madhogarh,1
385,Jalgaon,Amalner,5
386,Jalgaon,Bhusawal,2
387,Jalgaon,Bodvad,7
388,Jalgaon,Chalisgaon,1
389,Jalgaon,Chopda,7
390,Jalgaon,Dharangaon,5
391,Jalgaon,Erandol,1
392,Jalgaon,Jalgaon,7
393,Jalgaon,Jamner,0
394,Jalgaon,Muktainagar (Edlabad),10
395,Jalgaon,Pachora,9
396,Jalgaon,Parola,3
397,Jalgaon,Raver,0
398,Jalgaon,Yawal,37
399,Jalna,Ambad,14
400,Jalna,Badnapur,8
401,Jalna,Bhokardan,9
402,Jalna,Ghansawangi,5
403,Jalna,Jafferabad,7
404,Jalna,Jalna,6
405,Jalna,Partur,1
406,Jamtara,Jamtara,0
407,Jamtara,Kundahit,9
408,Jamtara,Nala,2
409,Jamtara,Narayanpur,10
410,Jamui,Sono,1
411,Jhabua,Jhabua,26
412,Jhabua,Meghnagar,19
413,Jhabua,Petlawad,19
414,Jhabua,Ranapur,9
415,Jhabua,Thandla,6
416,Jhajjar,Bahadurgarh,60
417,Jhajjar,Beri,97
418,Jhajjar,Jhajjar,14
419,Jhalawar,Aklera,3
420,Jhalawar,Jhalrapatan,13
421,Jhalawar,Pachpahar,2
422,Jhunjhunun,Buhana,2
423,Jhunjhunun,Khetri,1
424,Jhunjhunun,Nawalgarh,1
425,Jhunjhunun,Udaipurwati,5
426,Jind,Jind,7
427,Jind,Julana,43
428,Jind,Narwana,18
429,Jind,Safidon,5
430,Jodhpur,Jodhpur,4
431,K.v. Rangareddy,Ghatkesar,0
432,K.v. Rangareddy,Hayathnagar,0
433,K.v. Rangareddy,Ibrahimpatnam,5
434,K.v. Rangareddy,Manchal,4
435,K.v. Rangareddy,Yacharam,0
436,Kaithal,Kaithal,4
437,Kangra,Baijnath,3
438,Kangra,Jai Singhpur,0
439,Kannauj,Chhibramau,1
440,Kanniyakumari,Kalkulam,1
441,Kanpur Nagar,Kanpur,1
442,Kapurthala,Bhulath,7
443,Kapurthala,Kapurthala,3
444,Kapurthala,Phagwara,1
445,Karaikal,Thirunallar Taluk,1
446,Karauli,Karauli,7
447,Karauli,Sapotra,2
448,Karauli,Todabhim,21
449,Karnal,Assandh,2
450,Karnal,Indri,40
451,Karnal,Karnal,10
452,Karnal,Nilokheri,1
453,Katihar,Amdabad,1
454,Katni,Bahoriband,1
455,Katni,Murwara,17
456,Katni,Vijayraghavgarh,14
457,Kendujhar,Barbil,1
458,Khandwa,Harsud,6
459,Khandwa,Khandwa,7
460,Khandwa,Pandhana,0
461,Khargone,Barwaha,33
462,Khargone,Bhagwanpura,9
463,Khargone,Bhikangaon,21
464,Khargone,Jhiranya,16
465,Khargone,Kasrawad,23
466,Khargone,Khargone,15
467,Khargone,Maheshwar,108
468,Khargone,Segaon,4
469,Khowai,Padmabil,2
470,Khowai,Teliamura,2
471,Khunti,Khunti,5
472,Koderma,Chandwara,2
473,Koderma,Jainagar,5
474,Koderma,Koderma,94
475,Koderma,Markacho,28
476,Kolar,Bangarapet,78
477,Kolhapur,Bhudargad,13
478,Kolhapur,Chandgad,4
479,Kolhapur,Gadhinglaj,2
480,Kolhapur,Hatkanangle,10
481,Kolhapur,Kagal,20
482,Kolhapur,Karvir,10
483,Kolhapur,Panhala,8
484,Kolhapur,Shirol,11
485,Koppal,Gangavathi,11
486,Koppal,Koppal,1
487,Koriya,Manendragarh,0
488,Kota,Digod,2
489,Kota,Ladpura,2
490,Kota,Pipalda,2
491,Kota,Ramganj Mandi,7
492,Kota,Sangod,4
493,Krishnagiri,Denkanikottai,1
494,Kurukshetra,Pehowa,33
495,Kurukshetra,Thanesar,8
496,Latehar,Balumath,5
497,Latehar,Barwadih,1
498,Latehar,Chandwa,5
499,Latehar,Garu,9
500,Latehar,Mahuadanr,4
501,Latur,Ahmadpur,2
502,Latur,Ausa,12
503,Latur,Chakur,4
504,Latur,Deoni,4
505,Latur,Latur,8
506,Latur,Nilanga,5
507,Latur,Renapur,2
508,Latur,Udgir,5
509,Lohardaga,Bhandra,2
510,Lohardaga,Kisko,10
511,Lohardaga,Kuru,27
512,Lohardaga,Lohardaga,3
513,Lohardaga,Senha,2
514,Ludhiana,Bharat Nagar Chowk,0
515,Ludhiana,Jagraon,7
516,Ludhiana,Ludhiana,21
517,Ludhiana,Ludhiana (east),1
518,Ludhiana,Ludhiana (west),2
519,Ludhiana,Payal,7
520,Ludhiana,Raikot,6
521,Ludhiana,Samrala,1
522,Madhubani,Benipatti,1
523,Madhubani,Lakhnaur,1
524,Mahendragarh,Mahendragarh,99
525,Mahendragarh,Narnaul,6
526,Mahoba,Kulpahar,2
527,Mandla,Bichhiya,28
528,Mandla,Mandla,2
529,Mandla,Nainpur,2
530,Mandla,Niwas,8
531,Mandsaur,Garoth,0
532,Mandsaur,Malhargarh,1
533,Mandsaur,Mandsaur,1
534,Mandsaur,Sitamau,2
535,Mandya,Nagamangala,1
536,Mansa,Budhlada,23
537,Mansa,Mansa,35
538,Mansa,Sardulgarh,9
539,Meerut,Meerut,1
540,Moga,Bagha Purana,18
541,Moga,Moga,17
542,Moga,Nihal Singh Wala,2
543,Morena,Ambah,21
544,Morena,Joura,49
545,Morena,Kailaras,5
546,Morena,Morena,8
547,Morena,Porsa,11
548,Morena,Sabalgarh,19
549,Mumbai,Mumbai,72
550,Nagaur,Didwana,3
551,Nagaur,Ladnu,0
552,Nagaur,Makrana,5
553,Nagaur,Nawa,2
554,Nagpur,Kamptee,1
555,Nagpur,Katol,2
556,Nagpur,Kuhi,1
557,Nagpur,Nagpur,1
558,Nagpur,Nagpur (rural),7
559,Nagpur,Nagpur (urban),1
560,Nagpur,Parseoni,0
561,Nagpur,Savner,1
562,Nalgonda,Jaji Reddi Gudem,1
563,Nalgonda,Mothey,2
564,Nalgonda,Nuthankal,1
565,Nalgonda,Thirumalgiri,2
566,Nalgonda,Thungathurthi,3
567,Nanded,Biloli,1
568,Nanded,Hadgaon,1
569,Nanded,Himayatnagar,2
570,Nanded,Kandhar,5
571,Nanded,Kinwat,1
572,Nanded,Mukhed,5
573,Nandurbar,Nandurbar,0
574,Nandurbar,Nawapur,0
575,Nandurbar,Shahade,0
576,Narsinghpur,Gadarwara,13
577,Narsinghpur,Gotegaon,14
578,Narsinghpur,Kareli,7
579,Narsinghpur,Narsimhapur,7
580,Narsinghpur,Tendukheda,4
581,Nashik,Baglan,15
582,Nashik,Chandvad,3
583,Nashik,Deola,2
584,Nashik,Dindori,0
585,Nashik,Kalwan,32
586,Nashik,Malegaon,5
587,Nashik,Nandgaon,32
588,Nashik,Nashik,1
589,Nashik,Niphad,27
590,Nashik,Sinnar,5
591,Nashik,Surgana,0
592,Nashik,Yevla,2
593,Nawada,Rajauli,1
594,North 24 Parganas,Gaighata,1
595,North Delhi,Delhi,1
596,North East Delhi,Seelam Pur,1
597,North Tripura,Dasda,2
598,North Tripura,Dharmanagar,1
599,North West Delhi,Model Town,4
600,North West Delhi,Narela,3
601,North West Delhi,Saraswati Vihar,4
602,Osmanabad,Kalamb,6
603,Osmanabad,Lohara,8
604,Osmanabad,Osmanabad,4
605,Osmanabad,Paranda,1
606,Osmanabad,Tuljapur,2
607,Osmanabad,Umarga,5
608,Others,Others,2
609,Pakur,Amrapara,4
610,Pakur,Hiranpur,4
611,Pakur,Litipara,8
612,Pakur,Maheshpur,103
613,Pakur,Pakur,6
614,Pakur,Pakuria,47
615,Palamu,Chainpur,2
616,Palamu,Daltonganj,1
617,Palamu,Leslieganj,4
618,Palamu,Panki,2
619,Palamu,Patan,4
620,Pali,Raipur,2
621,Palwal,Palwal,0
622,Panipat,Israna,8
623,Panipat,Panipat,186
624,Panna,Ajaigarh,24
625,Panna,Gunnor,57
626,Panna,Panna,44
627,Panna,Pawai,54
628,Panna,Shahnagar,32
629,Parbhani,Gangakhed,1
630,Parbhani,Parbhani,1
631,Pathankot,Pathankot,20
632,Patna,Phulwari,1
633,Pratapgarh,Dhariawad,2
634,Puducherry,Villianur Taluk,0
635,Pune,Ambegaon,2
636,Pune,Baramati,28
637,Pune,Bhor,8
638,Pune,Daund,26
639,Pune,Indapur,7
640,Pune,Khed,26
641,Pune,Mawal,7
642,Pune,Mulshi,0
643,Pune,Pune City,7
644,Pune,Purandhar,4
645,Pune,Shirur,12
646,Pune,Velhe,0
647,Puruliya,Jhalda - I,1
648,Raichur,Manvi,1
649,Raichur,Sindhnur,4
650,Raigarh,Karjat,2
651,Raigarh,Khalapur,5
652,Raigarh,Mangaon,2
653,Raigarh,Panvel,0
654,Raigarh,Uran,14
655,Raisen,Bareli,16
656,Raisen,Begamganj,10
657,Raisen,Gairatganj,15
658,Raisen,Goharganj,1
659,Raisen,Raisen,7
660,Raisen,Silwani,7
661,Raisen,Udaipura,9
662,Rajsamand,Bhim,20
663,Rajsamand,Deogarh,1
664,Ramanagar,Channapatna,2
665,Ramanagar,Kanakapura,41
666,Ramanagar,Magadi,5
667,Ramanagar,Ramanagaram,16
668,Ramgarh,Gola,0
669,Ramgarh,Mandu,2
670,Ramgarh,Patratu,7
671,Ramgarh,Ramgarh,1
672,Ranchi,Bero,6
673,Ranchi,Bundu,1
674,Ranchi,Chanho,3
675,Ranchi,Kanke,13
676,Ranchi,Lapung,2
677,Ranchi,Mandar,2
678,Ranchi,Namkum,4
679,Ranchi,Ranchi,7
680,Ranchi,Ratu,21
681,Ranchi,Tamar I,6
682,Ratlam,Alot,11
683,Ratlam,Jaora,3
684,Ratlam,Piploda,1
685,Ratnagiri,Ratnagiri,2
686,Rewa,Gurh,41
687,Rewa,Hanumana,36
688,Rewa,Huzur,59
689,Rewa,Mauganj,156
690,Rewa,Raipur - Karchuliyan,38
691,Rewa,Sirmour,116
692,Rewa,Teonthar,76
693,Rewari,Kosli,11
694,Rewari,Rewari,8
695,Rohtak,Maham,1
696,Rohtak,Rohtak,66
697,SAS Nagar (Mohali),Dera Bassi,11
698,SAS Nagar (Mohali),Kharar,1
699,SAS Nagar (Mohali),S.A.S.Nagar (mohali),2
700,Sagar,Banda,79
701,Sagar,Bina,10
702,Sagar,Deori,23
703,Sagar,Garhakota,37
704,Sagar,Kesli,34
705,Sagar,Khurai,31
706,Sagar,Rahatgarh,10
707,Sagar,Rehli,6
708,Sagar,Sagar,33
709,Sahebganj,Barhait,25
710,Sahebganj,Barharwa,7
711,Sahebganj,Borio,11
712,Sahebganj,Mandro,2
713,Sahebganj,Pathna,1
714,Sahebganj,Rajmahal,1
715,Sahebganj,Sahebganj,1
716,Sahebganj,Taljhari,17
717,Sahebganj,Udhwa,16
718,Samastipur,Bithan,0
719,Sangli,Jat,9
720,Sangli,Kadegaon,60
721,Sangli,Kavathemahankal,11
722,Sangli,Khanapur,126
723,Sangli,Miraj,2
724,Sangli,Shirala,5
725,Sangli,Tasgaon,294
726,Sangli,Vita,1
727,Sangli,Walwa,64
728,Sangrur,Malerkotla,39
729,Sangrur,Moonak,1
730,Satara,Jaoli,10
731,Satara,Karad,34
732,Satara,Khatav,7
733,Satara,Koregaon,6
734,Satara,Man,1
735,Satara,Patan,16
736,Satara,Phaltan,26
737,Satara,Satara,14
738,Satara,Wai,7
739,Satna,Amarpatan,29
740,Satna,Maihar,63
741,Satna,Nagod,42
742,Satna,Raghurajnagar,108
743,Satna,Ramnagar,32
744,Satna,Rampur-baghelan,48
745,Satna,Unchahara,17
746,Sawai Madhopur,Bonli,2
747,Sawai Madhopur,Gangapur,14
748,Sawai Madhopur,Khandar,1
749,Sehore,Ashta,19
750,Sehore,Budni,1
751,Sehore,Nasrullaganj,11
752,Seoni,Ghansaur,7
753,Seoni,Lakhnadon,5
754,Seoni,Seoni,2
755,Seraikela-Kharsawan,Adityapur,1
756,Seraikela-Kharsawan,Chandil,14
757,Seraikela-Kharsawan,Ichagarh,27
758,Seraikela-Kharsawan,Nimdih,2
759,Seraikela-Kharsawan,Rajnagar,5
760,Seraikela-Kharsawan,Saraikela,1
761,Shahdol,Anuppur,0
762,Shahdol,Beohari,37
763,Shahdol,Jaisinghnagar,30
764,Shahdol,Jaitpur,18
765,Shahdol,Sohagpur,66
766,Shaheed Bhagat Singh Nagar,Balachaur,7
767,Shaheed Bhagat Singh Nagar,Shaheed Bhagat Singh Nagar,16
768,Shajapur,Agar,1
769,Shajapur,Badod,2
770,Shajapur,Kalapipal,1
771,Shajapur,Shujalpur,2
772,Sheopur,Karahal,5
773,Sheopur,Sheopur,11
774,Shimoga,Bhadravati,33
775,Shimoga,Hosanagara,4
776,Shimoga,Shikaripur,15
777,Shimoga,Shimoga,4
778,Shimoga,Sorab,50
779,Shivpuri,Karera,12
780,Shivpuri,Khaniyadhana,12
781,Shivpuri,Kolaras,3
782,Shivpuri,Pichhore,3
783,Shivpuri,Pohari,2
784,Shivpuri,Shivpuri,3
785,Sidhi,Churhat,42
786,Sidhi,Gopadbanas,11
787,Sidhi,Kusmi,7
788,Sidhi,Majholi,19
789,Sidhi,Rampur Naikin,29
790,Sidhi,Sihawal,25
791,Sikar,Danta Ramgarh,2
792,Sikar,Fatehpur,1
793,Sikar,Lachhmangarh,19
794,Sikar,Neem-ka-thana,13
795,Sikar,Sikar,14
796,Sikar,Sri Madhopur,5
797,Simdega,Kolebira,1
798,Simdega,Simdega,6
799,Simdega,Thethaitangar,2
800,Singrauli,Chitrangi,51
801,Singrauli,Deosar,28
802,Singrauli,Singrauli,14
803,Sirsa,Dabwali,95
804,Sirsa,Ellenabad,19
805,Sirsa,Rania,19
806,Sirsa,Sirsa,46
807,Solapur,Madha,1
808,Solapur,Malshiras,3
809,Solapur,Mangalvedhe,2
810,Solapur,Pandharpur,57
811,Solapur,Sangole,1
812,Sonbhadra,Dudhi,1
813,Sonipat,Gohana,13
814,Sonipat,Sonipat,2
815,South Delhi,Defence Colony,1
816,South Delhi,Hauz Khas,2
817,South Tripura,Hrishyamukh,0
818,South West Delhi,Najafgarh,1
819,South West Delhi,Vasant Vihar,2
820,Sri Muktsar Sahib,Giddarbaha,1
821,Sri Muktsar Sahib,Malout,19
822,Sri Muktsar Sahib,Sri Muktsar Sahib,4
823,Tarn Taran,Khadoor Sahib,15
824,Tarn Taran,Patti,22
825,Tarn Taran,Tarn Taran,78
826,Tehri Garhwal,Devprayag,1
827,Thane,Ambarnath,2
828,Thane,Bhiwandi,20
829,Thane,Dahanu,9
830,Thane,Kalyan,25
831,Thane,Nallasopara (west),0
832,Thane,Talasari,1
833,Thane,Thane,36
834,Thane,Ulhasnagar,12
835,Thane,Vada,0
836,Thane,Vasai,0
837,Tikamgarh,Baldeogarh,74
838,Tikamgarh,Jatara,14
839,Tikamgarh,Niwari,31
840,Tikamgarh,Palera,10
841,Tikamgarh,Prithvipur,10
842,Tikamgarh,Tikamgarh,1
843,Tiruvallur,Ambattur,1
844,Tonk,Deoli,1
845,Tonk,Malpura,14
846,Tonk,Niwai,1
847,Tonk,Peeplu,5
848,Tonk,Todaraisingh,11
849,Tumkur,Gubbi,1
850,Tumkur,Pavagada,1
851,Udaipur,Lasadiya,1
852,Udaipur,Sarada,0
853,Udaipur,Vallabhnagar,7
854,Ujjain,Badnagar,11
855,Ujjain,For New VTC,0
856,Ujjain,Ghatiya,10
857,Ujjain,Khacharod,0
858,Ujjain,Mahidpur,12
859,Ujjain,Nagda,1
860,Ujjain,Tarana,26
861,Ujjain,Ujjain,0
862,Umaria,Bandhogarh,91
863,Valsad,Pardi,1
864,Vidisha,Ganj Basoda,16
865,Vidisha,Gyaraspur,2
866,Vidisha,Kurwai,2
867,Vidisha,Lateri,0
868,Vidisha,Nateran,10
869,Vidisha,Vidisha,31
870,Viluppuram,Viluppuram,9
871,Wardha,Wardha,1
872,Washim,Malegaon,5
873,Washim,Risod,7
874,Washim,Washim,22
875,West Delhi,Dwarka,2
876,West Delhi,Punjabi Bagh,2
877,West Singhbhum,Bandgaon,9
878,West Singhbhum,Chaibasa,4
879,West Singhbhum,Chakradharpur,15
880,West Singhbhum,Goilkera,8
881,West Singhbhum,Jagannathpur,26
882,West Singhbhum,Jhinkpani,2
883,West Singhbhum,Khuntpani,13
884,West Singhbhum,Kumardungi,14
885,West Singhbhum,Majhgaon,12
886,West Singhbhum,Manoharpur,9
887,West Singhbhum,Noamundi (barajamda),37
888,West Singhbhum,Sonua,10
889,West Singhbhum,Tantnagar,0
890,West Singhbhum,Tonto,16
891,West Tripura,Agartala Sadar,6
892,West Tripura,Dukli,1
893,West Tripura,Hezamara,2
894,West Tripura,Jirania,6
895,West Tripura,Mohanpur,2
896,Yadgir,Shahpur,9
897,Yamuna Nagar,Chhachhrauli,12
898,Yamuna Nagar,Jagadhri,131
899,Yavatmal,Arni,2
900,Yavatmal,Babulgaon,11
901,Yavatmal,Digras,0
902,Yavatmal,Ghatanji,3
903,Yavatmal,Kalamb,24
904,Yavatmal,Mahagaon,5
905,Yavatmal,Pusad,2
906,Yavatmal,Ralegaon,1
907,Yavatmal,Umarkhed,6
908,Yavatmal,Yavatmal,3
