Technology,Business Day,Style,Theater,Arts,U.S.,Health,Science,Obituaries,N.Y. / Region,Magazine
,2 Leading Online Black Markets Are Shut Down by Authorities,,,,,,,,,
A Gamer Channel’s Mission: Send the Trolls Packing,,,,,,,,,,
,Beijing Wants A.I. to Be Made in China by 2030,,,,,,,,,
"Facebook, Seeking to Satisfy Publishers, May Let Them Charge for Articles",,,,,,,,,,
"Farhad and Mike’s Week in Tech: Meal Kits, Lyft and ‘Despacito’",,,,,,,,,,
,,Is This the Woman Who Will Save Uber?,,,,,,,,
"One Family, Many Revolutions: From Black Panthers, to Silicon Valley, to Trump",,,,,,,,,,
"In China, Silicon Valley Giants Confront New Walls",,,,,,,,,,
Abuses Hide in the Silence of Nondisparagement Agreements,,,,,,,,,,
,Blackstone and CVC Bid for British Payments Processor Paysafe,,,,,,,,,
Preparing for the Jump to a New Operating System,,,,,,,,,,
,,,"This Podcast Is a Love Story, for Your Ears Only",,,,,,,
Lyft to Develop Self-Driving Car Technology in New Silicon Valley Facility,,,,,,,,,,
"As Self-Driving Cars Near, Washington Plays Catch-Up",,,,,,,,,,
,,"Thanks to Venmo, We Now All Know How Cheap Our Friends Are",,,,,,,,
Microsoft Is Rewarded for Turning to the Cloud,,,,,,,,,,
,,,,Copyright Case Over Richard Prince Instagram Show to Go Forward,,,,,,
,,,,,Burundi Robotics Team Vanishes After U.S. Competition,,,,,
,"Laptop Ban on Planes Is Lifted, U.S. Officials Confirm",,,,,,,,,
,,,,,"On Reddit, Intimate Glimpses of Addicts in Thrall to Opioids",,,,,
,,,,"Jake Paul, a Reality Villain for the YouTube Generation",,,,,,
,,,,,,A Sensor on Your Skin That Looks and Feels Like a Temporary Tattoo,,,,
Daily Report: Can Facebook Woo Back Publishers?,,,,,,,,,,
Finding the Date on a Map Image,,,,,,,,,,
,,,,,,,An Experiment in Zurich Brings Us Nearer to a Black Hole’s Mysteries,,,
Going Low-Tech to Solve Everyday High-Tech Problems,,,,,,,,,,
Daily Report: Why the Y2K Conversion Still Matters,,,,,,,,,,
Shopping for New Software,,,,,,,,,,
How Y2K Offers a Lesson for Fighting Climate Change,,,,,,,,,,
,Apple Names New China Head as Sales Fall,,,,,,,,,
,,,,,,,,The House That Did the Housework,,
Security Company Is Replacing a Mall Robot That Fell Into a Fountain to the Internet’s Delight,,,,,,,,,,
Daily Report: Reinventing Food Isn’t Easy,,,,,,,,,,
Switching to the Sound of Silence for Facebook Videos,,,,,,,,,,
,,,,,,,,,"Uber Discriminates Against Riders With Disabilities, Suit Says",
China Disrupts WhatsApp Service in Online Clampdown,,,,,,,,,,
,,,,,,,,,,What Will Service Work Look Like Under Amazon?
